CC,word,type,v1
alalus,,,
and,,,
anencephalus,,,
annulus,,,
aryballus,,,
ascellus,,,
aspergillus,,,
backbencher,,,
bamoth,,,
blemisher,,,
bocher,,,
but,,,
chincloth,,,
ectromelus,,,
either,,,
elsewhither,,,
embellisher,,,
embolus,,,
embryographer,,,
embryophyte,,,
encipher,,,
endonucleolus,,,
enigmatographer,,,
entellus,,,
epigrapher,,,
etcher,,,
exencephalus,,,
exomphalus,,,
eyetooth,,,
gagtooth,,,
gastromelus,,,
gather,,,
handsmooth,,,
lactobacillus,,,
leecher,,,
leptocephalus,,,
lincloth,,,
liparomphalus,,,
lithodesma,,,
loculus,,,
loincloth,,,
longcloth,,,
louther,,,
lupulus,,,
lusher,,,
macrocephalus,,,
mammoth,,,
marbrinus,,,
marcher,,,
matchcloth,,,
matzoth,,,
microcephalus,,,
micromelus,,,
microphallus,,,
milcher,,,
modiolus,,,
monoculus,,,
monticulus,,,
moth,,,
nacarat,,,
nako,,,
nana,,,
nanocephalus,,,
nanomelus,,,
narras,,,
nasalis,,,
nautilus,,,
neginoth,,,
nehiloth,,,
neigher,,,
neither,,,
nenta,,,
nephrostoma,,,
neuma,,,
nickstick,,,
nidulus,,,
niepa,,,
nim,,,
ninon,,,
nip,,,
noctilucin,,,
nodulus,,,
nonconform,,,
nor,,,
norma,,,
notencephalus,,,
notorhizal,,,
notum,,,
nozzle,,,
nubbin,,,
nucellus,,,
nucleolinus,,,
nul,,,
nummus,,,
nunky,,,
nyctitropic,,,
ocellus,,,
oculus,,,
or,,,
outfroth,,,
palpulus,,,
palus,,,
paramiographer,,,
peacher,,,
periplus,,,
perocephalus,,,
petiolus,,,
phocomelus,,,
pilus,,,
pinulus,,,
plus,,,
polisher,,,
porencephalus,,,
presmooth,,,
prothallus,,,
pseudoramulus,,,
pulvinulus,,,
punisher,,,
puther,,,
quoth,,,
regulus,,,
sackcloth,,,
sibilus,,,
sillographer,,,
slosher,,,
smooth,,,
smoother,,,
sooth,,,
stockfather,,,
strobilus,,,
superplus,,,
swatcher,,,
tolbooth,,,
tollbooth,,,
torculus,,,
torulus,,,
tosaphoth,,,
tother,,,
trochocephalus,,,
tumulus,,,
tusher,,,
twitcher,,,
woolwasher,,,
wroth,,,
yew,,,
yoy,,,
zoographer,,,