JJS,word,type,v1
abdest,,,
ablest,,,
acquest,,,
addrest,,,
almagest,,,
anapaest,,,
archpriest,,,
awest,,,
barghest,,,
beatinest,,,
beest,,,
bequest,,,
best,,,
bewest,,,
biggest,,,
birdnest,,,
blest,,,
bottlenest,,,
coattest,,,
conquest,,,
counterconquest,,,
counterinterest,,,
counterprotest,,,
deafforest,,,
deforest,,,
demipriest,,,
detest,,,
devest,,,
dimmest,,,
disafforest,,,
disforest,,,
disinfest,,,
disinvest,,,
disnest,,,
divest,,,
doest,,,
drest,,,
driest,,,
earnest,,,
easiest,,,
eftest,,,
egest,,,
eldest,,,
electrotest,,,
enchest,,,
entempest,,,
farthest,,,
fest,,,
firecrest,,,
footrest,,,
forerequest,,,
forest,,,
furtherest,,,
furthest,,,
geest,,,
gest,,,
goldcrest,,,
guest,,,
happiest,,,
hartebeest,,,
harvest,,,
headrest,,,
highest,,,
hinderest,,,
hurtingest,,,
immanifest,,,
immodest,,,
impest,,,
increst,,,
invest,,,
lalang,,,
latest,,,
least,,,
lest,,,
lieproofliest,,,
litiscontest,,,
malhonest,,,
manifest,,,
massiest,,,
mimmest,,,
mislest,,,
molest,,,
napecrest,,,
nearest,,,
nest,,,
nondetest,,,
nonmanifest,,,
nornorwest,,,
northest,,,
northwest,,,
obtest,,,
onliest,,,
otherest,,,
outjest,,,
outwrest,,,
overdigest,,,
overearnest,,,
overhonest,,,
overinvest,,,
overmodest,,,
overtest,,,
overwrest,,,
ovest,,,
palimpsest,,,
perquest,,,
pest,,,
polychrest,,,
preconquest,,,
precontest,,,
predigest,,,
preinvest,,,
prest,,,
presuggest,,,
pretest,,,
priest,,,
proconquest,,,
queest,,,
quest,,,
ratherest,,,
rathest,,,
reafforest,,,
recongest,,,
redigest,,,
reforest,,,
reinfest,,,
resuggest,,,
revest,,,
rinderpest,,,
sangerfest,,,
sequest,,,
sneest,,,
sobrevest,,,
songfest,,,
southwest,,,
spriest,,,
subcontest,,,
subcrest,,,
supercontest,,,
supermanifest,,,
supermodest,,,
supraprotest,,,
talkfest,,,
tempest,,,
trest,,,
turnwrest,,,
tweest,,,
ultramodest,,,
undercrest,,,
underpriest,,,
unearnest,,,
unforest,,,
unhonest,,,
unpriest,,,
unrest,,,
uprest,,,
vest,,,
west,,,
westermost,,,
westmost,,,
wildebeest,,,
worthiest,,,
wottest,,,
wrest,,,
wriest,,,
yest,,,
zest,,,