MD,word,type,v1
aefauld,,,
ca,,,
can,,,
can,,,
could,,,
may,,,
might,,,
must,,,
n,,,
nab,,,
nabk,,,
namaqua,,,
naos,,,
nap,,,
narcomedusan,,,
nasi,,,
nayaur,,,
nazim,,,
nebris,,,
need,,,
nemathece,,,
nep,,,
ni,,,
niata,,,
nito,,,
noop,,,
nosy,,,
notacanthoid,,,
nothosaur,,,
notommatid,,,
nought,,,
nusfiah,,,
nyanza,,,
oar,,,
ochlocrat,,,
octavic,,,
octoechos,,,
od,,,
odd,,,
odinite,,,
odograph,,,
odontatrophia,,,
odontoplast,,,
odso,,,
oe,,,
oenanthaldehyde,,,
ogdoad,,,
ogre,,,
oh,,,
ohm,,,
oka,,,
olam,,,
oleic,,,
olenid,,,
oligodendroglia,,,
oligopsychia,,,
oloroso,,,
oltonde,,,
om,,,
omalgia,,,
omao,,,
ombrifuge,,,
ommateal,,,
omphalomesaraic,,,
ona,,,
onsight,,,
onycha,,,
ootocoidean,,,
opdalite,,,
ophichthyoid,,,
ophidiophobia,,,
ophionid,,,
opuntioid,,,
oratorize,,,
orbitolite,,,
orchidalgia,,,
oreodont,,,
orismologic,,,
orle,,,
ornithocoprolite,,,
ornithomorph,,,
orphrey,,,
orselle,,,
orthite,,,
orvietan,,,
os,,,
osphyalgia,,,
ostein,,,
ostracode,,,
othmany,,,
otidiform,,,
otorrhagia,,,
ought,,,
ouistiti,,,
outfight,,,
outflunky,,,
outreckon,,,
outspeed,,,
overbought,,,
overbreed,,,
overchoke,,,
overhill,,,
overseed,,,
overspill,,,
overstraiten,,,
overtill,,,
owllight,,,
oxalite,,,
oxgang,,,
oxyaldehyde,,,
oxyluciferin,,,
oxyrrhynchid,,,
shall,,,
should,,,
will,,,
wo,,,
would,,,
yauld,,,