VBD,word,type,v1
abaissed,,,
abased,,,
abashed,,,
abatised,,,
abed,,,
aborted,,,
abrade,,,
abraid,,,
abridged,,,
abscessed,,,
absconded,,,
acanthad,,,
accelerated,,,
accepted,,,
accoladed,,,
accredited,,,
accursed,,,
accused,,,
accustomed,,,
acheweed,,,
aciliated,,,
acknowledged,,,
acold,,,
acquainted,,,
acred,,,
acridness,,,
aculeated,,,
addebted,,,
added,,,
addicted,,,
addlebrained,,,
addlepated,,,
addorsed,,,
ade,,,
adfected,,,
adjoined,,,
admired,,,
admitted,,,
adnexed,,,
adossed,,,
adreamed,,,
advised,,,
aeried,,,
aerotropic,,,
afeared,,,
affected,,,
affectioned,,,
affeerment,,,
affined,,,
afflicted,,,
affreight,,,
affrighted,,,
affronted,,,
aflight,,,
afront,,,
afterfeed,,,
aftershafted,,,
afterthought,,,
afterwitted,,,
agarita,,,
agavose,,,
aged,,,
agglomerated,,,
agminated,,,
agnamed,,,
agon,,,
agora,,,
agre,,,
agreed,,,
ahu,,,
ahungered,,,
aiguilletted,,,
ailweed,,,
airbrained,,,
aircrew,,,
airfield,,,
airfreight,,,
airscrew,,,
airtight,,,
alarmed,,,
alated,,,
alchitran,,,
aleyrodid,,,
alimonied,,,
aliped,,,
alit,,,
allene,,,
alleyed,,,
allied,,,
alose,,,
altared,,,
amazed,,,
ambassade,,,
ambuscade,,,
ameed,,,
amiced,,,
amoke,,,
amphidiscophoran,,,
amphitheatered,,,
ampullated,,,
amused,,,
amyxorrhoea,,,
anaktoron,,,
anchored,,,
anchorhold,,,
anconagra,,,
anergy,,,
angaria,,,
angled,,,
anglesmith,,,
anguiped,,,
angulated,,,
animated,,,
annelid,,,
annodated,,,
annulated,,,
annulosan,,,
anomaliped,,,
anserated,,,
anteflected,,,
anthood,,,
anticomet,,,
antimasquerade,,,
antimoniated,,,
antimoniureted,,,
antiquated,,,
antitank,,,
antitrade,,,
antitwilight,,,
antiweed,,,
antlered,,,
anuran,,,
apertured,,,
aplacophoran,,,
apostrophied,,,
appearanced,,,
appendaged,,,
appendiculated,,,
appressed,,,
apriori,,,
aquilawood,,,
araca,,,
aralkylated,,,
arbored,,,
arcade,,,
archcozener,,,
arched,,,
archwag,,,
arcked,,,
arcuated,,,
ared,,,
argot,,,
aright,,,
ariled,,,
arillated,,,
armchaired,,,
armet,,,
armied,,,
armillated,,,
armored,,,
armoried,,,
arpeggioed,,,
arrased,,,
arrowheaded,,,
arseneted,,,
arseniureted,,,
arteriosympathectomy,,,
articled,,,
articulated,,,
ashamed,,,
ashlared,,,
asphyxied,,,
assessed,,,
assigned,,,
assistanted,,,
assonanced,,,
assorted,,,
assured,,,
asteriated,,,
astonied,,,
aswooned,,,
atilt,,,
atlatl,,,
atoke,,,
atrophiated,,,
attached,,,
attired,,,
attrited,,,
aurated,,,
auricled,,,
auriculated,,,
authorhood,,,
autocade,,,
autoinhibited,,,
autosensitized,,,
autosled,,,
auxospore,,,
avichi,,,
avowed,,,
awearied,,,
awheft,,,
awned,,,
axed,,,
axised,,,
axled,,,
axon,,,
axweed,,,
azoted,,,
azured,,,
babied,,,
babished,,,
babyfied,,,
baccated,,,
bachelorhood,,,
backboned,,,
backed,,,
backhanded,,,
backsaw,,,
backsight,,,
backstroke,,,
backveld,,,
backwatered,,,
bade,,,
bagged,,,
bagwigged,,,
baken,,,
balaenid,,,
balanced,,,
baldachined,,,
baldmoney,,,
baldricked,,,
balistid,,,
ballade,,,
balled,,,
ballweed,,,
balsamweed,,,
balustered,,,
balustraded,,,
bambocciade,,,
banded,,,
banditti,,,
bandoleered,,,
bangled,,,
banked,,,
bankweed,,,
bannered,,,
bantamweight,,,
barbated,,,
barbed,,,
bardiglio,,,
barebacked,,,
bareboned,,,
barefaced,,,
barefooted,,,
bareheaded,,,
barelegged,,,
barmybrained,,,
baronethood,,,
barraclade,,,
barred,,,
barreled,,,
barricade,,,
bartizaned,,,
baru,,,
baruria,,,
basebred,,,
basifixed,,,
basilinna,,,
basilweed,,,
basined,,,
basqued,,,
basset,,,
bastinade,,,
bastioned,,,
bated,,,
bathroomed,,,
battered,,,
batteried,,,
battik,,,
battled,,,
battlemented,,,
bawd,,,
bayed,,,
bayoneted,,,
beaded,,,
beaked,,,
bealtared,,,
beamed,,,
beanfield,,,
beanweed,,,
beaproned,,,
bearded,,,
beast,,,
beastie,,,
beavered,,,
beballed,,,
bebannered,,,
bebed,,,
bebelted,,,
bebled,,,
bebuttoned,,,
becassocked,,,
bechained,,,
bechignoned,,,
becircled,,,
becoiffed,,,
becombed,,,
becousined,,,
becrinolined,,,
becuffed,,,
becurtained,,,
bedaggered,,,
bedangled,,,
bedfast,,,
bediademed,,,
bedright,,,
bedscrew,,,
beduck,,,
beefheaded,,,
beeheaded,,,
beetled,,,
beetleheaded,,,
beetleweed,,,
beeweed,,,
befamilied,,,
befanned,,,
beferned,,,
befezzed,,,
befilleted,,,
beforested,,,
befountained,,,
befrocked,,,
befurbelowed,,,
begabled,,,
begarlanded,,,
beggarhood,,,
beglobed,,,
begoggled,,,
begotten,,,
begowned,,,
behaviored,,,
beheadlined,,,
behindsight,,,
behold,,,
behooped,,,
beinked,,,
bejade,,,
bekilted,,,
beknived,,,
belaced,,,
belam,,,
belated,,,
belatticed,,,
belavendered,,,
beld,,,
belfried,,,
belimousined,,,
belled,,,
bellied,,,
bellmouthed,,,
belozenged,,,
belt,,,
belted,,,
bemazed,,,
bemedaled,,,
bemitered,,,
bemuck,,,
bemused,,,
bemuslined,,,
bended,,,
beneaped,,,
beneficed,,,
beneighbored,,,
benempted,,,
benighted,,,
bennetweed,,,
benumbed,,,
benzoated,,,
benzoinated,,,
benzothiopyran,,,
bepaid,,,
bepastured,,,
bepelt,,,
beperiwigged,,,
bepillared,,,
bepistoled,,,
beplaided,,,
beprose,,,
beribanded,,,
beringed,,,
berobed,,,
berouged,,,
berried,,,
berthed,,,
beruffled,,,
beshawled,,,
beshield,,,
beshrew,,,
beslushed,,,
besmoke,,,
besotted,,,
bespecked,,,
bespectacled,,,
besped,,,
bespelled,,,
bespoke,,,
bespurred,,,
bestatued,,,
bestrapped,,,
bestrew,,,
bestubbled,,,
besweatered,,,
betattered,,,
bethought,,,
betowered,,,
betrothed,,,
betted,,,
betuckered,,,
beturbaned,,,
betutored,,,
betweenmaid,,,
beuniformed,,,
beveled,,,
bevelled,,,
bevesseled,,,
bevined,,,
bewaitered,,,
bewhiskered,,,
bewigged,,,
bewildered,,,
bewinged,,,
bewrathed,,,
bhava,,,
biangulated,,,
biarcuated,,,
biarticulated,,,
bibliognost,,,
bicarbureted,,,
biciliated,,,
bicirrose,,,
bicolored,,,
bicorned,,,
biddy,,,
bidented,,,
bield,,,
bifanged,,,
biflected,,,
biforked,,,
bifronted,,,
bifurcated,,,
bigeminated,,,
bighearted,,,
bigmouthed,,,
bigoted,,,
bigwigged,,,
biharmonic,,,
bilamellated,,,
bilaminated,,,
billed,,,
billyboy,,,
bilobated,,,
bilsted,,,
bimaculated,,,
bineweed,,,
binucleated,,,
biparted,,,
bipectinated,,,
biped,,,
bipennated,,,
bipinnated,,,
bipinnatisected,,,
biradiated,,,
birdmouthed,,,
birdseed,,,
birdy,,,
birostrated,,,
birthbed,,,
birthnight,,,
biscayen,,,
bishopweed,,,
bistered,,,
bistipuled,,,
bitted,,,
bitterhearted,,,
bitthead,,,
bituberculated,,,
bitumed,,,
bivalved,,,
bivaulted,,,
biz,,,
blackhearted,,,
bladderseed,,,
blade,,,
bladed,,,
blakeberyed,,,
blamed,,,
blanked,,,
blanketed,,,
blanketweed,,,
blasted,,,
bleached,,,
bleared,,,
bleed,,,
blended,,,
blessed,,,
blight,,,
blinded,,,
blindfolded,,,
blinkered,,,
blistered,,,
blithemeat,,,
bloated,,,
blobbed,,,
blockade,,,
blocked,,,
blockheaded,,,
bloke,,,
blooded,,,
bloodied,,,
bloodshed,,,
bloodstained,,,
bloodstroke,,,
blotched,,,
bloused,,,
blowzed,,,
bludgeoned,,,
bluebelled,,,
blunderheaded,,,
blunthearted,,,
blurred,,,
blurt,,,
boatwright,,,
bobbed,,,
bobsled,,,
bobtailed,,,
bodiced,,,
bogwood,,,
boiled,,,
boke,,,
bold,,,
boldhearted,,,
bolectioned,,,
boleweed,,,
bolled,,,
bombed,,,
bombsight,,,
bonaght,,,
bonded,,,
boned,,,
boneheaded,,,
bonneted,,,
boobook,,,
booked,,,
bookwright,,,
boose,,,
booted,,,
bootied,,,
boozed,,,
bordered,,,
bordured,,,
bortsch,,,
boschveld,,,
bosomed,,,
bossed,,,
botched,,,
botherheaded,,,
bothsided,,,
botryose,,,
bottled,,,
bottomed,,,
bought,,,
bounded,,,
bowed,,,
boweled,,,
bowlegged,,,
braced,,,
brackened,,,
bracted,,,
brahmachari,,,
braided,,,
brambled,,,
branched,,,
branded,,,
brandied,,,
brangled,,,
bravade,,,
brawned,,,
brazenfaced,,,
brazilwood,,,
breasted,,,
breastweed,,,
breathed,,,
bret,,,
breviped,,,
brew,,,
bricken,,,
bridebed,,,
bridehead,,,
bridesmaid,,,
bridled,,,
bright,,,
brimmed,,,
bristled,,,
britska,,,
britten,,,
broadhearted,,,
brocaded,,,
brocked,,,
brog,,,
broke,,,
bromcresol,,,
bronzed,,,
brooked,,,
brookweed,,,
broozled,,,
brotan,,,
brought,,,
browed,,,
brownness,,,
bruckled,,,
brushed,,,
bryogenin,,,
bu,,,
bucked,,,
buckled,,,
buckskinned,,,
buddhi,,,
buffed,,,
bugled,,,
bugseed,,,
bulbed,,,
bulbose,,,
bulked,,,
bulkheaded,,,
bulldogged,,,
bulletheaded,,,
bullheaded,,,
bullnose,,,
bullweed,,,
bummed,,,
bundlerooted,,,
bundweed,,,
bungee,,,
bunted,,,
burbot,,,
buried,,,
burled,,,
burned,,,
burnoosed,,,
burred,,,
burroweed,,,
burseed,,,
burweed,,,
buscarle,,,
bushed,,,
busied,,,
busked,,,
buskined,,,
busted,,,
bustled,,,
butein,,,
buttered,,,
butterfingered,,,
butterweed,,,
butterwright,,,
buttocked,,,
buttoned,,,
cabbagehead,,,
cabled,,,
caboshed,,,
cacorhythmic,,,
caddiced,,,
caddised,,,
cade,,,
cadenced,,,
cadweed,,,
caftaned,,,
caged,,,
cairned,,,
caissoned,,,
cajeput,,,
calced,,,
calcified,,,
calcined,,,
calculated,,,
calfhood,,,
calibered,,,
caligated,,,
calpacked,,,
calycled,,,
calycophoran,,,
calyculated,,,
camailed,,,
came,,,
camerated,,,
cammed,,,
campanulated,,,
campshed,,,
camused,,,
cancered,,,
candlelighted,,,
candlesticked,,,
candyweed,,,
canille,,,
canioned,,,
cankered,,,
canned,,,
cannoned,,,
cannulated,,,
canted,,,
cantilevered,,,
cantoned,,,
cantred,,,
caped,,,
capernoited,,,
capitaled,,,
capitated,,,
capped,,,
capriped,,,
capuched,,,
carapaced,,,
carbolated,,,
carboyed,,,
carbuncled,,,
carded,,,
careworn,,,
carinated,,,
carnaged,,,
carnationed,,,
carried,,,
cartwright,,,
carucated,,,
carunculated,,,
cased,,,
casemated,,,
caseweed,,,
casqued,,,
cassonade,,,
cast,,,
castled,,,
castorized,,,
catamited,,,
cataracted,,,
catarrhed,,,
catchweed,,,
caterpillared,,,
catfaced,,,
catfooted,,,
cathedraled,,,
catocalid,,,
caught,,,
caverned,,,
cavitied,,,
cayenned,,,
cedared,,,
ceilinged,,,
celebrated,,,
cellated,,,
celluloided,,,
celt,,,
centered,,,
centistoke,,,
centuried,,,
cerated,,,
ceratoblast,,,
cered,,,
chad,,,
chafeweed,,,
chaffseed,,,
chafted,,,
chained,,,
chaliced,,,
chambered,,,
chamberleted,,,
chanceled,,,
chank,,,
channeled,,,
channelled,,,
chaped,,,
chapournetted,,,
chapped,,,
charioted,,,
charqued,,,
chartered,,,
chasmed,,,
chasubled,,,
chattiness,,,
checked,,,
checkered,,,
checkrowed,,,
cheered,,,
cheliped,,,
cherried,,,
cheve,,,
chickenhearted,,,
chicqued,,,
chiggerweed,,,
childed,,,
chilled,,,
chinned,,,
chipped,,,
chiseled,,,
chitinized,,,
choke,,,
chokered,,,
cholterheaded,,,
chopped,,,
chorded,,,
chose,,,
chowderheaded,,,
christened,,,
chubbed,,,
chuckleheaded,,,
churchified,,,
churled,,,
churruck,,,
cicindelid,,,
ciliated,,,
cingulated,,,
cinnamoned,,,
cinquefoiled,,,
circled,,,
circumradius,,,
circumscribed,,,
circumstanced,,,
cirrated,,,
cirrhosed,,,
cirriped,,,
cisted,,,
cisterna,,,
citied,,,
citrated,,,
clammed,,,
clank,,,
clanned,,,
clapped,,,
claught,,,
clavated,,,
clawed,,,
claybrained,,,
cleaded,,,
cleanhanded,,,
cleanhearted,,,
clearheaded,,,
clearhearted,,,
cled,,,
cleeked,,,
clefted,,,
clerestoried,,,
clew,,,
cliented,,,
cliffweed,,,
clit,,,
cloaked,,,
clocked,,,
clodpated,,,
cloghad,,,
cloistered,,,
clomben,,,
closed,,,
closehanded,,,
clotweed,,,
clouded,,,
clouted,,,
clovered,,,
clubfisted,,,
clubweed,,,
clustered,,,
coachwright,,,
coaged,,,
coattailed,,,
cobbed,,,
cochleated,,,
cockaded,,,
cockeyed,,,
cockled,,,
cocklight,,,
cockscombed,,,
codelight,,,
codheaded,,,
coelongated,,,
coembedded,,,
coexpanded,,,
coffeeweed,,,
cogged,,,
coiled,,,
coke,,,
cold,,,
coldhearted,,,
colicweed,,,
collared,,,
collected,,,
collied,,,
colloped,,,
colonnaded,,,
colored,,,
columnated,,,
combed,,,
commendador,,,
compacted,,,
complected,,,
complicated,,,
componed,,,
componented,,,
composed,,,
compressed,,,
conamed,,,
concealed,,,
conceded,,,
conceited,,,
concentrated,,,
concerted,,,
conched,,,
conchyliated,,,
condemned,,,
condensed,,,
coned,,,
confated,,,
conferted,,,
confined,,,
confirmed,,,
confounded,,,
congested,,,
congresser,,,
conjoined,,,
conjugated,,,
connected,,,
conred,,,
consecrated,,,
considered,,,
consumpted,,,
contagioned,,,
contextured,,,
contorted,,,
contortioned,,,
contracted,,,
contractured,,,
contrapose,,,
contusioned,,,
converted,,,
convexed,,,
convinced,,,
convoke,,,
convoluted,,,
coolheaded,,,
copied,,,
copleased,,,
coppernosed,,,
copperytailed,,,
coppiced,,,
coppled,,,
copsewooded,,,
copygraphed,,,
coraled,,,
corded,,,
corduroyed,,,
cored,,,
coreflexed,,,
corked,,,
corkscrew,,,
cornered,,,
cornified,,,
cornuated,,,
cornuted,,,
corollated,,,
coronaled,,,
coroneted,,,
corpusculated,,,
corrade,,,
corrected,,,
corridored,,,
corrupted,,,
corymbed,,,
coscoroba,,,
costated,,,
cothamore,,,
cothurned,,,
cottaged,,,
cottonade,,,
cottonseed,,,
cotwinned,,,
couac,,,
couched,,,
coughweed,,,
counterattired,,,
counterchanged,,,
counterdigged,,,
counterembattled,,,
counterfessed,,,
countergirded,,,
counterindented,,,
counterlove,,,
counterpaled,,,
counterpaned,,,
counterpointed,,,
counterquartered,,,
counterraid,,,
counterreflected,,,
counterscalloped,,,
countersleight,,,
counterstroke,,,
counterthought,,,
counterturned,,,
countrified,,,
couped,,,
coupled,,,
couponed,,,
coursed,,,
courtbred,,,
covenanted,,,
covered,,,
coversed,,,
cowhearted,,,
cowled,,,
cowshed,,,
cowslipped,,,
crabbed,,,
crackbrained,,,
cracked,,,
crackled,,,
cragged,,,
cramped,,,
cranked,,,
crannied,,,
cratered,,,
cravenhearted,,,
crazed,,,
crazyweed,,,
creaght,,,
creeded,,,
creepered,,,
crenated,,,
creneled,,,
crept,,,
cressed,,,
cressweed,,,
crested,,,
creviced,,,
cried,,,
crinated,,,
crisped,,,
crocketed,,,
crocused,,,
crookbacked,,,
crooked,,,
crookheaded,,,
crooklegged,,,
crooknecked,,,
crooksided,,,
cropweed,,,
crosiered,,,
crossbolted,,,
crossbred,,,
crosscurrented,,,
crossleted,,,
crosstied,,,
crotched,,,
crouched,,,
crowded,,,
crowfooted,,,
crowned,,,
crowstepped,,,
crucified,,,
cruelhearted,,,
crumpled,,,
crushed,,,
crutched,,,
crypted,,,
cuck,,,
cuckoomaid,,,
cuirassed,,,
cultrated,,,
cultured,,,
cupolated,,,
curled,,,
curried,,,
cursed,,,
curtailed,,,
curved,,,
curvinerved,,,
cushioned,,,
cusped,,,
cussed,,,
cut,,,
cutted,,,
cyanosed,,,
cylindered,,,
cypressed,,,
cysted,,,
dade,,,
daisied,,,
damascened,,,
damned,,,
damped,,,
dang,,,
dappled,,,
darned,,,
dataria,,,
dazed,,,
deadhearted,,,
deadlight,,,
deathbed,,,
debentured,,,
deboshed,,,
decahydrated,,,
decarnated,,,
deceased,,,
decene,,,
decided,,,
decked,,,
declined,,,
decoke,,,
decomposed,,,
decrew,,,
decussated,,,
deerweed,,,
defamed,,,
defeasanced,,,
defiled,,,
defined,,,
deformed,,,
deft,,,
degged,,,
degraded,,,
dejected,,,
deknight,,,
delighted,,,
demented,,,
demersed,,,
demibastioned,,,
demibelt,,,
demibrigade,,,
demicivilized,,,
demidigested,,,
deminatured,,,
demiturned,,,
dentated,,,
dentelated,,,
departed,,,
deplored,,,
depressed,,,
deserted,,,
desight,,,
desired,,,
detached,,,
determined,,,
detrited,,,
deuced,,,
devertebrated,,,
deviled,,,
dewclawed,,,
dewlapped,,,
diamonded,,,
dianilid,,,
did,,,
difformed,,,
diffused,,,
digammated,,,
digested,,,
digitated,,,
digitigrade,,,
digitinerved,,,
dignified,,,
dihydrated,,,
dilapidated,,,
dilated,,,
dillweed,,,
diluted,,,
dimensioned,,,
dimmed,,,
dipped,,,
disaccustomed,,,
disaffected,,,
disagreed,,,
disappointed,,,
disaproned,,,
disarmed,,,
disavower,,,
discalced,,,
discolored,,,
discomposed,,,
disconcerted,,,
disconnected,,,
discontented,,,
discovered,,,
discrested,,,
diseased,,,
disembed,,,
disengaged,,,
dished,,,
disheveled,,,
disimpassioned,,,
disinterested,,,
disjasked,,,
disjointed,,,
dislocated,,,
dismembered,,,
dismoded,,,
disnosed,,,
disordered,,,
dispassioned,,,
dispatriated,,,
dispersed,,,
dispirited,,,
displeased,,,
dispositioned,,,
disprivacied,,,
disquieted,,,
dissatisfied,,,
dissected,,,
dissight,,,
dissipated,,,
distasted,,,
distempered,,,
distinguished,,,
distorted,,,
distracted,,,
distressed,,,
distributed,,,
disturbed,,,
dittied,,,
diversified,,,
divided,,,
djehad,,,
doated,,,
dobbed,,,
dodded,,,
doddered,,,
dodecahydrated,,,
dogfight,,,
dogged,,,
doggoned,,,
doiled,,,
doited,,,
donated,,,
donnered,,,
donought,,,
doored,,,
dormered,,,
dorsigrade,,,
dose,,,
dotted,,,
doubled,,,
doublehanded,,,
doublehorned,,,
doublelunged,,,
doubleted,,,
dought,,,
dovetailed,,,
dowed,,,
downcurved,,,
downfolded,,,
downheaded,,,
downstroke,,,
downweighted,,,
dozed,,,
dozzled,,,
drabbletailed,,,
dragged,,,
draggletailed,,,
dragonhead,,,
dragsaw,,,
drained,,,
drammed,,,
draperied,,,
dratted,,,
drawcut,,,
drearisome,,,
drew,,,
drivescrew,,,
dropsied,,,
drove,,,
drybrained,,,
duckhearted,,,
duckweed,,,
ducted,,,
dullbrained,,,
dullhearted,,,
dummered,,,
dummyweed,,,
dumpoke,,,
dunderheaded,,,
dungbred,,,
dwelled,,,
dyeweed,,,
dynamometamorphosed,,,
eared,,,
earlship,,,
earringed,,,
earthbred,,,
earthenhearted,,,
earthlight,,,
earthquaked,,,
earthsmoke,,,
easternmost,,,
eburated,,,
eburnated,,,
ecanda,,,
echeneidid,,,
echinulated,,,
ectoretina,,,
ectrodactylia,,,
egohood,,,
eightyfold,,,
elaeoblast,,,
elaioplast,,,
elastose,,,
elated,,,
elbowed,,,
elderbrotherhood,,,
eldership,,,
electrofused,,,
elevated,,,
elevenfold,,,
elfinwood,,,
elongated,,,
embannered,,,
embarrassed,,,
embastioned,,,
embattled,,,
embed,,,
embowed,,,
embright,,,
embronze,,,
embryonated,,,
emerited,,,
emersed,,,
emmet,,,
enalid,,,
enamored,,,
encomiast,,,
encuirassed,,,
endeared,,,
ended,,,
endorsed,,,
endosiphon,,,
enfilade,,,
enfiled,,,
enfold,,,
enfonced,,,
enforced,,,
engaged,,,
enghosted,,,
englobe,,,
engold,,,
engouled,,,
engrailed,,,
engrained,,,
engrossed,,,
enhanced,,,
enjambed,,,
enjoyer,,,
enlarged,,,
enlight,,,
enlisted,,,
ennead,,,
enraged,,,
enrolled,,,
enshield,,,
ensignhood,,,
entablatured,,,
entangled,,,
enthusiast,,,
entoretina,,,
envied,,,
enwrought,,,
epappose,,,
epauleted,,,
epitoke,,,
equiped,,,
equisegmented,,,
equisided,,,
equispaced,,,
equivalenced,,,
erased,,,
ergot,,,
ermined,,,
eroded,,,
escaloped,,,
escutcheoned,,,
esophagostomy,,,
esplanade,,,
essang,,,
estacade,,,
estafetted,,,
estrade,,,
estrapade,,,
ethered,,,
euchred,,,
eunicid,,,
evelight,,,
evenblush,,,
evenhanded,,,
evenminded,,,
evilhearted,,,
evoke,,,
exaggerated,,,
exalted,,,
exasperated,,,
excited,,,
excysted,,,
executed,,,
exhausted,,,
exostosed,,,
expanded,,,
expedited,,,
experimented,,,
exploded,,,
expressed,,,
exserted,,,
extended,,,
extinguished,,,
extraconstellated,,,
extracted,,,
extradosed,,,
extrared,,,
eyebridled,,,
eyed,,,
eyeshade,,,
eyey,,,
f,,,
fabled,,,
facade,,,
faced,,,
facet,,,
fade,,,
fagot,,,
falcated,,,
falconelle,,,
fana,,,
fanfaronade,,,
fanged,,,
fangot,,,
fanioned,,,
fantasied,,,
fantast,,,
fanwright,,,
farolito,,,
farsighted,,,
farweltered,,,
fasciated,,,
fascicled,,,
fasciculated,,,
fascinated,,,
fashioned,,,
fastigated,,,
fatbrained,,,
fatheaded,,,
fathearted,,,
fathered,,,
faussebrayed,,,
favored,,,
feasor,,,
featherbed,,,
featherbrained,,,
featherheaded,,,
featherpated,,,
featherweed,,,
feigned,,,
feil,,,
fell,,,
felloe,,,
felonweed,,,
felt,,,
ferned,,,
ferntickled,,,
ferrated,,,
fetched,,,
fetlocked,,,
feued,,,
fezzed,,,
fibered,,,
fibrilled,,,
fibronucleated,,,
ficklehearted,,,
fico,,,
fid,,,
fiddlebrained,,,
fiddleheaded,,,
fielded,,,
fieldy,,,
fiercehearted,,,
fifteenfold,,,
figged,,,
figulated,,,
figured,,,
filamented,,,
filiformed,,,
filmet,,,
filose,,,
fimbricated,,,
finchbacked,,,
fingered,,,
finialed,,,
finned,,,
fiorded,,,
firearmed,,,
firebolted,,,
firefanged,,,
firelight,,,
fireweed,,,
firmament,,,
firmhearted,,,
fishbed,,,
fished,,,
fishskin,,,
fissiped,,,
fisted,,,
fistulated,,,
fitched,,,
fitted,,,
fittyfied,,,
flabellinerved,,,
flacked,,,
flagellated,,,
flamed,,,
flanked,,,
flanneled,,,
flapmouthed,,,
flashet,,,
flated,,,
flathead,,,
flavopurpurin,,,
flawed,,,
fleaseed,,,
fleckled,,,
fled,,,
fleeced,,,
fleshed,,,
flew,,,
flexured,,,
flighted,,,
flimp,,,
flinthearted,,,
flit,,,
flitfold,,,
flixweed,,,
flooded,,,
floodlight,,,
floodwood,,,
floorward,,,
floreted,,,
floriated,,,
flowered,,,
flued,,,
fluked,,,
flunkeyhood,,,
flunkyhood,,,
fluoran,,,
flurried,,,
flybelt,,,
fogged,,,
fold,,,
folded,,,
foliaged,,,
folkright,,,
folky,,,
folliculated,,,
fonted,,,
footed,,,
foothold,,,
footlight,,,
footmanhood,,,
footnoted,,,
forbade,,,
forbled,,,
forebemoaned,,,
forechoose,,,
foredefeated,,,
foredeserved,,,
forehanded,,,
foreheaded,,,
foreinclined,,,
foremelt,,,
forenamed,,,
forepossessed,,,
forepretended,,,
forerecited,,,
foresaid,,,
foreset,,,
foresighted,,,
forespecified,,,
forested,,,
forethought,,,
forevouched,,,
forewonted,,,
forgot,,,
forked,,,
forleft,,,
formed,,,
formose,,,
formulaic,,,
forrit,,,
forset,,,
forthfigured,,,
fortnight,,,
fortuned,,,
fortyfold,,,
fossed,,,
fossilated,,,
fossiled,,,
fougade,,,
found,,,
foundationed,,,
fountained,,,
foveolated,,,
foxhound,,,
foxtailed,,,
fracted,,,
fragmented,,,
framed,,,
frampold,,,
frankhearted,,,
frankincensed,,,
fratched,,,
fratricidal,,,
frayed,,,
freckened,,,
freckled,,,
frederik,,,
freed,,,
freehanded,,,
freightment,,,
frenched,,,
frenchify,,,
frenzied,,,
freshhearted,,,
fretted,,,
fried,,,
friended,,,
fright,,,
frilled,,,
fringed,,,
frogeye,,,
frogged,,,
froghood,,,
fronded,,,
frosted,,,
frowst,,,
frowze,,,
froze,,,
fructed,,,
fruited,,,
fruitwood,,,
fucosan,,,
fullhearted,,,
fullmouthed,,,
fumet,,,
funded,,,
fungi,,,
furfuran,,,
furied,,,
furred,,,
furzed,,,
fused,,,
fusillade,,,
gabelled,,,
gabioned,,,
gadded,,,
gade,,,
gainyield,,,
gaited,,,
galeated,,,
galled,,,
galleried,,,
gallooned,,,
gambade,,,
gamboised,,,
gambreled,,,
gangliated,,,
gardened,,,
gargoyled,,,
garnished,,,
garreted,,,
gatewright,,,
gauffered,,,
gaunted,,,
gave,,,
gawkihood,,,
geared,,,
gearset,,,
ged,,,
gelatined,,,
gelatose,,,
gelidness,,,
gematria,,,
gemeled,,,
geminated,,,
geniculated,,,
genoblast,,,
gentlehearted,,,
gentlemanhood,,,
gentlemouthed,,,
gentlewomanhood,,,
geophilid,,,
gerated,,,
gested,,,
gewgawed,,,
ghostified,,,
ghostweed,,,
gibbed,,,
gied,,,
gifted,,,
gigot,,,
gilded,,,
gilled,,,
gimbaled,,,
gimleteyed,,,
gimped,,,
ginghamed,,,
ginned,,,
girlhood,,,
glaciered,,,
glassie,,,
glazed,,,
gleed,,,
glissade,,,
globed,,,
glom,,,
glossed,,,
gnarled,,,
gnocchetti,,,
gnomed,,,
goateed,,,
goatweed,,,
gobleted,,,
godded,,,
godfatherhood,,,
godhead,,,
godmotherhood,,,
goffered,,,
goggled,,,
goitered,,,
goldenmouthed,,,
goodhearted,,,
goodwillit,,,
goosenecked,,,
gooseweed,,,
gorbellied,,,
gorged,,,
gormed,,,
gossamered,,,
gossipred,,,
got,,,
gourmet,,,
gowked,,,
graded,,,
graduated,,,
grained,,,
grank,,,
granulated,,,
graped,,,
grasscut,,,
grassweed,,,
gratified,,,
graved,,,
greasewood,,,
greatcoated,,,
greathearted,,,
greenheaded,,,
greenswarded,,,
greenweed,,,
grew,,,
grieced,,,
grillade,,,
grilled,,,
grizzled,,,
groined,,,
grommet,,,
grosgrained,,,
grounded,,,
grouped,,,
groved,,,
growed,,,
grubbed,,,
guarded,,,
guernseyed,,,
guillotinade,,,
guilt,,,
gummed,,,
gumweed,,,
gunbright,,,
gurl,,,
gushet,,,
guttated,,,
habilimented,,,
habited,,,
hackbolt,,,
hacked,,,
hacksaw,,,
hackthorn,,,
had,,,
hade,,,
hagborn,,,
haggardness,,,
hailweed,,,
haircut,,,
haired,,,
hairweed,,,
halfheaded,,,
halfpaced,,,
hallmarked,,,
hallowed,,,
hallucined,,,
halobios,,,
ham,,,
hamated,,,
hamleted,,,
hammerheaded,,,
hammersmith,,,
hamulose,,,
hanced,,,
handed,,,
handicapped,,,
handicuff,,,
handled,,,
handmaid,,,
handspoke,,,
handstroke,,,
hao,,,
haplodont,,,
hardfisted,,,
hardhanded,,,
hardheaded,,,
hardhearted,,,
hardishrew,,,
hardmouthed,,,
harebrained,,,
harefooted,,,
harelipped,,,
harlequinade,,,
harmattan,,,
harmost,,,
harquebusade,,,
hartshorn,,,
hatred,,,
hatted,,,
haught,,,
haunched,,,
haustellated,,,
hawked,,,
hawkweed,,,
hawthorned,,,
hayseed,,,
hazeled,,,
hazen,,,
head,,,
headed,,,
headlight,,,
headmold,,,
hearted,,,
heartweed,,,
heathered,,,
heathy,,,
heatstroke,,,
heavyhanded,,,
heavyheaded,,,
heavyweight,,,
hecatomped,,,
hectorism,,,
hederose,,,
heed,,,
heeled,,,
heft,,,
height,,,
heliast,,,
heliophilia,,,
hellbred,,,
helmed,,,
hemiasynergia,,,
hemihydrated,,,
heptagon,,,
heptahydrated,,,
heptasyllabic,,,
herbaged,,,
hereright,,,
hermidin,,,
herohead,,,
hersed,,,
heterochromatized,,,
heterostyled,,,
hexagon,,,
hexahydrated,,,
hexaped,,,
hi,,,
hidalgo,,,
hiddenmost,,,
hided,,,
hield,,,
highbred,,,
highhanded,,,
highhearted,,,
highlight,,,
hight,,,
hillocked,,,
hilus,,,
hindsight,,,
hipmold,,,
hipped,,,
hired,,,
histoblast,,,
historiated,,,
hoarheaded,,,
hoaryheaded,,,
hobbledehoyhood,,,
hobnailed,,,
hogged,,,
hognose,,,
hogweed,,,
hollowfaced,,,
hollowhearted,,,
hollyhock,,,
holmgang,,,
holstered,,,
homebred,,,
homefelt,,,
homostyled,,,
honeycombed,,,
honeyed,,,
honeyhearted,,,
honeylipped,,,
honeymoonlight,,,
honeymouthed,,,
honeysuckled,,,
honied,,,
hooded,,,
hoofed,,,
hooked,,,
hookweed,,,
hooped,,,
hoped,,,
hopped,,,
horned,,,
hornify,,,
hornyhanded,,,
horsefight,,,
horsehaired,,,
horsewood,,,
hosed,,,
hotbed,,,
hotbrained,,,
hotheaded,,,
hothearted,,,
hotmouthed,,,
hotspurred,,,
housebroke,,,
housewright,,,
hove,,,
hucho,,,
hucklebacked,,,
hugsome,,,
hulverheaded,,,
humblehearted,,,
humet,,,
humpbacked,,,
hunchbacked,,,
hundred,,,
hundredfold,,,
hundredweight,,,
hurled,,,
hurried,,,
husbandfield,,,
hushcloth,,,
husked,,,
hydrated,,,
hydraulicked,,,
hydromyelia,,,
hydrophoran,,,
hydrosarcocele,,,
hydrosulphurated,,,
hymn,,,
hypercarbureted,,,
hypercivilized,,,
hyperpigmented,,,
hypersophisticated,,,
hyperwrought,,,
hypochnose,,,
hyporhined,,,
iced,,,
ichneumoned,,,
icicled,,,
idleheaded,,,
illimited,,,
illoricated,,,
illuminated,,,
illusioned,,,
imbannered,,,
imbased,,,
imbed,,,
imbricated,,,
immatured,,,
immeasured,,,
immerited,,,
immortified,,,
impassioned,,,
imperceived,,,
imperforated,,,
impermeated,,,
inanimated,,,
inarticulated,,,
inbred,,,
incarmined,,,
inched,,,
included,,,
incompleted,,,
incomposed,,,
inconditioned,,,
inconfused,,,
inconsidered,,,
inconsumed,,,
inconvinced,,,
incrossbred,,,
indebted,,,
indented,,,
indentured,,,
indetermined,,,
indexed,,,
indigested,,,
indiscriminated,,,
indistinguished,,,
indisturbed,,,
indulgenced,,,
indusiated,,,
inelaborated,,,
inequilobed,,,
inexhausted,,,
inexpected,,,
inexperienced,,,
inextended,,,
infected,,,
inflamed,,,
inflated,,,
inflected,,,
infrared,,,
ingot,,,
ingrained,,,
inhabited,,,
inkshed,,,
inrooted,,,
insected,,,
inspired,,,
inspoke,,,
instratified,,,
instressed,,,
insulated,,,
intellected,,,
intelligenced,,,
intended,,,
intentioned,,,
interallied,,,
interbanded,,,
intercatenated,,,
interchoke,,,
intercontorted,,,
interlaced,,,
intermewed,,,
intermitted,,,
internetted,,,
interplight,,,
interrelated,,,
interright,,,
interseamed,,,
intersticed,,,
interthreaded,,,
intertissued,,,
intoxicated,,,
intrabred,,,
inturned,,,
inured,,,
invalued,,,
inversed,,,
invertebrated,,,
inviolated,,,
invoke,,,
involucred,,,
involuted,,,
inwrought,,,
irised,,,
ironfisted,,,
ironheaded,,,
ironsided,,,
ironworked,,,
irreclaimed,,,
irredeemed,,,
irresolved,,,
isleted,,,
isolated,,,
ivied,,,
jabbed,,,
jacketed,,,
jaded,,,
jagged,,,
jalloped,,,
jalousied,,,
japanned,,,
jaseyed,,,
jasmined,,,
jasperated,,,
jawfooted,,,
jellied,,,
jerkined,,,
jerseyed,,,
jessed,,,
jetted,,,
jettied,,,
jihad,,,
jimberjawed,,,
jingled,,,
jointed,,,
jolloped,,,
jolterheaded,,,
jugated,,,
jumpseed,,,
jungled,,,
justment,,,
kadaya,,,
kago,,,
kaid,,,
kainsi,,,
kaki,,,
kakkak,,,
kalogeros,,,
kalumpang,,,
kamarupa,,,
kambal,,,
kaneh,,,
kanga,,,
karaoke,,,
karbi,,,
karou,,,
karyenchyma,,,
kashima,,,
kassabah,,,
katmon,,,
katydid,,,
kazi,,,
kebbie,,,
keddah,,,
keeled,,,
keened,,,
kelchin,,,
kelebe,,,
kellupweed,,,
kenlore,,,
kennelman,,,
keno,,,
kenspac,,,
kept,,,
keratocele,,,
keratomalacia,,,
keratto,,,
kerchiefed,,,
kerneled,,,
kernetty,,,
keta,,,
ketogenic,,,
keyed,,,
keystoned,,,
khaki,,,
khot,,,
kiang,,,
kiddy,,,
kiefekil,,,
kiku,,,
killweed,,,
kilnrib,,,
kilt,,,
kimberlite,,,
kincob,,,
kindhearted,,,
kindlesome,,,
kindred,,,
kinetoplast,,,
kingdomed,,,
kingweed,,,
kiosk,,,
kirtled,,,
kishy,,,
kismet,,,
kissar,,,
kitab,,,
kitchenmaid,,,
kitten,,,
kiva,,,
klipdachs,,,
kmet,,,
knagged,,,
knapsacked,,,
knarred,,,
kneed,,,
knelt,,,
knew,,,
knickerbockered,,,
knickered,,,
knighthead,,,
knitted,,,
knived,,,
knobbed,,,
knobby,,,
knobweed,,,
knopped,,,
knosped,,,
knothorn,,,
knotted,,,
knowledged,,,
knubby,,,
knurled,,,
knyazi,,,
kobi,,,
kobold,,,
kohemp,,,
kohl,,,
kojang,,,
kolkhoz,,,
kollast,,,
kombu,,,
kongu,,,
koolokamba,,,
korari,,,
kore,,,
korymbos,,,
koyan,,,
kran,,,
kraut,,,
kritarchy,,,
krummhorn,,,
kuan,,,
kudu,,,
kukui,,,
kulak,,,
kulmet,,,
kumbi,,,
kunk,,,
kurveyor,,,
kuskos,,,
labiated,,,
labored,,,
labrose,,,
laced,,,
lacerated,,,
lackeyed,,,
lacunulose,,,
laddered,,,
lade,,,
ladyfy,,,
laggardness,,,
lagostoma,,,
laky,,,
lamantin,,,
lamellated,,,
lamented,,,
lamin,,,
lammas,,,
lamplighted,,,
lanced,,,
lanceolated,,,
lanceted,,,
landed,,,
landfast,,,
landladyhood,,,
landlocked,,,
langsat,,,
languaged,,,
lank,,,
lansat,,,
lanthana,,,
lapelled,,,
lapped,,,
lappeted,,,
lapsed,,,
lapstreaked,,,
largebrained,,,
largemouthed,,,
larigot,,,
lassiehood,,,
lated,,,
laterinerved,,,
latisept,,,
latticed,,,
laundrymaid,,,
laureated,,,
laureled,,,
laurelwood,,,
laureole,,,
lawned,,,
lay,,,
layered,,,
layne,,,
laze,,,
lazyhood,,,
leaded,,,
leafed,,,
leasehold,,,
led,,,
ledged,,,
left,,,
legged,,,
legginged,,,
legioned,,,
leisured,,,
lemonade,,,
lemonweed,,,
lempira,,,
lepered,,,
leprosied,,,
lessen,,,
lettered,,,
letterweight,,,
leucoblast,,,
levee,,,
levelheaded,,,
leverwood,,,
lew,,,
licensed,,,
lichenose,,,
lidded,,,
lied,,,
lifehold,,,
light,,,
lightbrained,,,
lightheaded,,,
lighthearted,,,
lightmouthed,,,
lightweight,,,
ligulated,,,
lilied,,,
limbed,,,
limelight,,,
limose,,,
limpy,,,
linchpinned,,,
lineaged,,,
lined,,,
lineolated,,,
lingulated,,,
lingy,,,
linked,,,
linseed,,,
linteled,,,
lionhearted,,,
lipped,,,
listred,,,
lit,,,
literalminded,,,
lived,,,
livered,,,
liveried,,,
loaded,,,
lobated,,,
lobed,,,
lobiped,,,
lobose,,,
locked,,,
locoweed,,,
locustelle,,,
logged,,,
loggerheaded,,,
logheaded,,,
loined,,,
loma,,,
lone,,,
longheaded,,,
lopsided,,,
lored,,,
lost,,,
loudmouthed,,,
loupe,,,
louvered,,,
lovered,,,
lowbred,,,
lowmost,,,
lozenged,,,
lucivee,,,
lugged,,,
lumbang,,,
lunged,,,
lungy,,,
lunulated,,,
lutose,,,
lymphad,,,
lymphoblast,,,
lymphorrhagia,,,
lymphotaxis,,,
lynx,,,
lyonetiid,,,
lyrated,,,
maccaboy,,,
macled,,,
macrochiropteran,,,
macrofarad,,,
macromyelon,,,
macropteran,,,
madbrained,,,
made,,,
madweed,,,
magged,,,
maggot,,,
magicked,,,
magot,,,
maid,,,
maidenhead,,,
maidenship,,,
mailed,,,
maimed,,,
mainmast,,,
makeweight,,,
malandered,,,
malconceived,,,
malcontented,,,
maldeveloped,,,
malduck,,,
malfed,,,
malleableized,,,
malnourished,,,
maloccluded,,,
malorganized,,,
malplaced,,,
malproportioned,,,
malturned,,,
managee,,,
mandibulated,,,
maned,,,
manifested,,,
manifold,,,
mannered,,,
mannitose,,,
mannoheptose,,,
manred,,,
mansarded,,,
mansioned,,,
mantled,,,
manubriated,,,
marblewood,,,
marcid,,,
margin,,,
margined,,,
marinated,,,
marked,,,
marketeer,,,
markweed,,,
marled,,,
marlpit,,,
married,,,
marrowed,,,
marshalment,,,
marshbuck,,,
masaridid,,,
mascled,,,
masked,,,
masoned,,,
masquerade,,,
masted,,,
matreed,,,
matricidal,,,
matted,,,
matti,,,
matweed,,,
maumet,,,
mawk,,,
maxilliped,,,
mayweed,,,
maza,,,
mazed,,,
mazic,,,
meadowed,,,
meager,,,
mealmouthed,,,
mealymouthed,,,
meaned,,,
measled,,,
meated,,,
medaled,,,
mediodepressed,,,
medullose,,,
meed,,,
meered,,,
megachilid,,,
megachiropteran,,,
megalodactylia,,,
melamed,,,
melanosed,,,
meld,,,
melebiose,,,
melted,,,
membered,,,
membraned,,,
memoried,,,
mensk,,,
mentholated,,,
menyie,,,
merfold,,,
meringued,,,
meriquinoidal,,,
mermaid,,,
mermithized,,,
meshed,,,
mesorrhin,,,
mestizo,,,
met,,,
metacoelia,,,
metamerized,,,
methought,,,
metreta,,,
mettled,,,
microdactylia,,,
middleweight,,,
midgy,,,
midribbed,,,
midstroke,,,
mightyhearted,,,
mildhearted,,,
milkmaid,,,
milkshed,,,
milkweed,,,
milled,,,
millifold,,,
millioned,,,
millwright,,,
mimmouthed,,,
minareted,,,
minded,,,
mirrored,,,
misadvised,,,
miscast,,,
miscredited,,,
miscultivated,,,
misdeed,,,
misfield,,,
misfortuned,,,
misguided,,,
misincensed,,,
misinspired,,,
misleared,,,
mismade,,,
misminded,,,
misnatured,,,
misnomed,,,
mispossessed,,,
misprejudiced,,,
misprovoke,,,
misreposed,,,
misresolved,,,
missuppose,,,
misted,,,
misthought,,,
mistigris,,,
misusurped,,,
mitered,,,
mittened,,,
mixed,,,
mizzen,,,
mobed,,,
mocuck,,,
mohel,,,
mohnseed,,,
moke,,,
molassied,,,
mommet,,,
monesia,,,
moneyed,,,
mongoose,,,
monilated,,,
monobromated,,,
monochlorinated,,,
monocled,,,
monogrammed,,,
monohydrated,,,
monomethylated,,,
mononitrated,,,
monorhymed,,,
monospored,,,
monthon,,,
mooned,,,
moonfaced,,,
moonhead,,,
moonlighted,,,
moonseed,,,
moorn,,,
mopheaded,,,
mordellid,,,
morindin,,,
morned,,,
morose,,,
mortified,,,
mosquitocidal,,,
mossed,,,
motacillid,,,
moted,,,
mothed,,,
mothered,,,
motored,,,
mottled,,,
moulded,,,
mountained,,,
mounted,,,
mousey,,,
mouthed,,,
muckweed,,,
muddlebrained,,,
muddleheaded,,,
muddybrained,,,
muddyheaded,,,
muffed,,,
muffled,,,
mugweed,,,
mulefooted,,,
multiarticulated,,,
multibladed,,,
multicarinated,,,
multiciliated,,,
multicolored,,,
multicylindered,,,
multidenticulated,,,
multiengined,,,
multifibered,,,
multiflagellated,,,
multifoiled,,,
multiformed,,,
multigranulated,,,
multihead,,,
multilaminated,,,
multilobed,,,
multiloculated,,,
multimotored,,,
multinucleated,,,
multinucleolated,,,
multiped,,,
multiported,,,
multiradiated,,,
multiramified,,,
multirooted,,,
multisacculated,,,
multisegmented,,,
multistoried,,,
multisulcated,,,
multithreaded,,,
multitoned,,,
multituberculated,,,
multivalved,,,
multivoiced,,,
multivolumed,,,
mummied,,,
muraled,,,
muriated,,,
murlin,,,
musang,,,
muscled,,,
mused,,,
mushed,,,
mushheaded,,,
musie,,,
musketade,,,
muslined,,,
musquashweed,,,
musseled,,,
mussurana,,,
mustachioed,,,
mustelid,,,
mutillid,,,
muttonheaded,,,
muzz,,,
myriaded,,,
myrrhed,,,
nacred,,,
nanawood,,,
napped,,,
narrowhearted,,,
nattered,,,
naught,,,
naveled,,,
neaped,,,
nebbed,,,
necklaced,,,
needled,,,
needleworked,,,
neeld,,,
neighbored,,,
nethermost,,,
netted,,,
nettlebed,,,
newfangled,,,
niellated,,,
nightcapped,,,
nigrified,,,
nimbused,,,
nineted,,,
noded,,,
noduled,,,
nogheaded,,,
noiler,,,
nonaid,,,
nonalliterated,,,
nonassented,,,
nonattached,,,
nonblooded,,,
nonbranded,,,
noncertified,,,
nonchurched,,,
noncontrolled,,,
nondecalcified,,,
nondegreased,,,
nondesigned,,,
nondisbursed,,,
nondisfranchised,,,
nondisinterested,,,
nondomesticated,,,
nonelectrified,,,
nonentailed,,,
nonenumerated,,,
nonexcepted,,,
nonexperienced,,,
nonextended,,,
nonforested,,,
nonglandered,,,
nonincarnated,,,
noninfected,,,
noninterrupted,,,
nonirradiated,,,
nonleaded,,,
nonlicensed,,,
nonmanufactured,,,
nonmedullated,,,
nonoxygenated,,,
nonpeaked,,,
nonperforated,,,
nonplushed,,,
nonpreformed,,,
nonprescribed,,,
nonprincipled,,,
nonprovided,,,
nonrationalized,,,
nonreversed,,,
nonrhymed,,,
nonspecialized,,,
nonspecified,,,
nonthreaded,,,
nontrade,,,
nonunited,,,
nonveteran,,,
nooked,,,
normated,,,
northbound,,,
nosebanded,,,
nostriled,,,
notched,,,
noted,,,
notioned,,,
nowed,,,
nudiped,,,
nummulated,,,
nursemaid,,,
nutted,,,
oared,,,
oarweed,,,
oathed,,,
obcompressed,,,
obliged,,,
oceaned,,,
ocreated,,,
octahydrated,,,
octoped,,,
octoradiated,,,
oculated,,,
odored,,,
oersted,,,
offended,,,
offhanded,,,
oiled,,,
oilskinned,,,
oiltight,,,
oldfangled,,,
oldhearted,,,
olived,,,
olivewood,,,
omened,,,
onefold,,,
onehearted,,,
onesigned,,,
onflemed,,,
onychophoran,,,
opaled,,,
openhanded,,,
openhearted,,,
opercled,,,
operculated,,,
ophiuran,,,
opinionated,,,
opinioned,,,
oppressed,,,
orang,,,
orangewood,,,
orbed,,,
orbiculated,,,
ordered,,,
oreweed,,,
organogold,,,
orphanhood,,,
ortalid,,,
orthosubstituted,,,
osmophore,,,
ossified,,,
osteoclast,,,
osteography,,,
outbleed,,,
outbred,,,
outcut,,,
outdated,,,
outed,,,
outfield,,,
outlipped,,,
outmoded,,,
outnight,,,
outriggered,,,
outspeech,,,
outtrade,,,
outturned,,,
outwardmost,,,
overambitioned,,,
overattached,,,
overbanded,,,
overbanked,,,
overbepatched,,,
overblessed,,,
overbold,,,
overbowed,,,
overburned,,,
overcoached,,,
overcold,,,
overcontented,,,
overcrowded,,,
overcultured,,,
overcured,,,
overdazed,,,
overdetermined,,,
overdevoted,,,
overdose,,,
overdrifted,,,
overdrowsed,,,
overdunged,,,
overexerted,,,
overeyebrowed,,,
overfagged,,,
overfeatured,,,
overfeed,,,
overfinished,,,
overflood,,,
overfold,,,
overforged,,,
overfranchised,,,
overfraught,,,
overfrighted,,,
overgalled,,,
overgilted,,,
overgood,,,
overhanded,,,
overhatted,,,
overinclined,,,
overinterested,,,
overjaded,,,
overlaid,,,
overlanguaged,,,
overlearned,,,
overleisured,,,
overlighted,,,
overlinked,,,
overloose,,,
overlove,,,
overmelodied,,,
overornamented,,,
overpitched,,,
overplaced,,,
overpronounced,,,
overproportionated,,,
overprovoke,,,
overreserved,,,
overrigged,,,
overrooted,,,
oversalt,,,
oversanded,,,
overscented,,,
overscutched,,,
overseasoned,,,
oversettled,,,
overshade,,,
overshowered,,,
oversight,,,
oversmoke,,,
oversorrowed,,,
overspangled,,,
overspeed,,,
overstaid,,,
overstalled,,,
overstowed,,,
overstrew,,,
overstudied,,,
oversweated,,,
overtapped,,,
overtongued,,,
overtrailed,,,
overwade,,,
overwasted,,,
overweaponed,,,
overwelt,,,
overwhipped,,,
overwiped,,,
overwrought,,,
oviculated,,,
owght,,,
oxidulated,,,
oystered,,,
ozoned,,,
paced,,,
paddled,,,
pageanted,,,
pailletted,,,
pained,,,
painted,,,
paired,,,
palaced,,,
paled,,,
palehearted,,,
palfreyed,,,
palisade,,,
palled,,,
palmated,,,
palmatisected,,,
palmed,,,
palmilobated,,,
palminerved,,,
palmiveined,,,
palped,,,
pampered,,,
panached,,,
panade,,,
pandurated,,,
paned,,,
panheaded,,,
panicled,,,
paniculated,,,
panniered,,,
panoplied,,,
pansied,,,
pantaletted,,,
pantalooned,,,
papered,,,
paperweight,,,
papillated,,,
parallelinerved,,,
parallelopiped,,,
parapeted,,,
parasoled,,,
parasubstituted,,,
parded,,,
parished,,,
parlormaid,,,
parsoned,,,
partanhanded,,,
parterred,,,
particled,,,
partimembered,,,
partitioned,,,
passade,,,
passioned,,,
pasted,,,
pasterned,,,
paterfamiliar,,,
pathed,,,
pathwayed,,,
patined,,,
patriarched,,,
pattened,,,
patterned,,,
pauciarticulated,,,
pauciradiated,,,
paunched,,,
pavonated,,,
payed,,,
peaked,,,
pearled,,,
pebbled,,,
pecked,,,
peckled,,,
pectinated,,,
ped,,,
pedated,,,
pedatilobed,,,
pedatisected,,,
pediceled,,,
pedicelled,,,
pediculated,,,
pedimented,,,
peduncled,,,
pedunculated,,,
peeled,,,
pegged,,,
pelleted,,,
pelt,,,
peltated,,,
peltinerved,,,
penciled,,,
pendanted,,,
penicillated,,,
pennated,,,
pennatisected,,,
pennied,,,
penninerved,,,
penniveined,,,
pennyweight,,,
pensived,,,
pentadecahydrated,,,
pentahydrated,,,
penwright,,,
peplosed,,,
pepperweed,,,
percentaged,,,
perclose,,,
perfected,,,
perforated,,,
perfumed,,,
perished,,,
periwigpated,,,
permissioned,,,
permitted,,,
personed,,,
perspectived,,,
persuade,,,
perturbed,,,
pertused,,,
pestilenceweed,,,
petaled,,,
petalled,,,
petiolated,,,
petioled,,,
petrified,,,
petticoated,,,
phalangigrade,,,
phalanxed,,,
phalerated,,,
phenacyl,,,
phimosed,,,
phit,,,
phlogosed,,,
phon,,,
phosphated,,,
photoplaywright,,,
phylacteried,,,
phyllade,,,
physicianed,,,
physicked,,,
physiqued,,,
piassava,,,
picked,,,
pickerelweed,,,
picrated,,,
pictured,,,
pierced,,,
pigheaded,,,
piked,,,
pilastered,,,
pilastraded,,,
pilaued,,,
pileated,,,
pileolated,,,
pillared,,,
pilled,,,
pimpled,,,
pinchfisted,,,
pined,,,
pinfeathered,,,
pinheaded,,,
pinioned,,,
pinked,,,
pinkweed,,,
pinnated,,,
pinnatiped,,,
pinned,,,
pinninerved,,,
pinnisected,,,
pinnulated,,,
pinrowed,,,
piped,,,
pipped,,,
pissabed,,,
pitchered,,,
pitted,,,
placophoran,,,
plaided,,,
plainsoled,,,
plaited,,,
planeted,,,
plated,,,
platformed,,,
platted,,,
pleached,,,
pled,,,
plicated,,,
plighted,,,
plotted,,,
plouked,,,
plowlight,,,
plowwright,,,
plucked,,,
plumaged,,,
plumatellid,,,
plumed,,,
plumiped,,,
plummeted,,,
pluriseriated,,,
pochade,,,
pocketed,,,
pockweed,,,
podded,,,
poduran,,,
pointed,,,
poisonweed,,,
poke,,,
policed,,,
polished,,,
politied,,,
polled,,,
polluted,,,
poltfooted,,,
polyaffectioned,,,
polybuttoned,,,
polygrooved,,,
polylaminated,,,
polynucleated,,,
polypaged,,,
polyped,,,
polysided,,,
polyspored,,,
pommeled,,,
pondweed,,,
pooped,,,
poplared,,,
poppied,,,
popweed,,,
porcated,,,
porched,,,
pored,,,
portaled,,,
ported,,,
portiered,,,
positioned,,,
possessioned,,,
possum,,,
postaspirated,,,
postdetermined,,,
postdisapproved,,,
posted,,,
postfixed,,,
postilioned,,,
postpaid,,,
potbank,,,
potted,,,
pottled,,,
pounced,,,
powered,,,
practiced,,,
prairied,,,
preaccept,,,
preaccustomed,,,
preachieved,,,
preacquired,,,
preaged,,,
preallied,,,
preassigned,,,
prebeloved,,,
prechampioned,,,
prechoose,,,
precipiced,,,
precipitated,,,
preclassified,,,
preconcerted,,,
preconditioned,,,
precongested,,,
precontained,,,
precontrolled,,,
precreed,,,
predaylight,,,
prediscontented,,,
predisordered,,,
predisposed,,,
preferred,,,
preflight,,,
preformed,,,
prehatred,,,
prehaunted,,,
preheated,,,
preindebted,,,
prejudiced,,,
premidnight,,,
preoccasioned,,,
preopinionated,,,
prepossessed,,,
preprovoke,,,
prerogatived,,,
presanctified,,,
presbyterated,,,
prescored,,,
presenced,,,
pretended,,,
preterdetermined,,,
pretexted,,,
priapulid,,,
pricked,,,
prickled,,,
primrosed,,,
princewood,,,
printed,,,
prismed,,,
privileged,,,
probosciformed,,,
proceed,,,
procurved,,,
produced,,,
profiteer,,,
proflated,,,
promontoried,,,
pronged,,,
pronograde,,,
pronounced,,,
proportioned,,,
proptosed,,,
propugnacled,,,
protracted,,,
proudhearted,,,
proved,,,
provedor,,,
provided,,,
prowed,,,
prowessed,,,
prunted,,,
pseudocultivated,,,
pseudolaminated,,,
pseudoreformed,,,
pseudosacred,,,
publichearted,,,
puddingheaded,,,
puddled,,,
puffed,,,
pugged,,,
pukeweed,,,
pulmonated,,,
pulvinated,,,
pumiced,,,
pumpwright,,,
punctured,,,
pupiled,,,
purebred,,,
purehearted,,,
purfled,,,
purposer,,,
pursed,,,
pussyfooted,,,
pustuled,,,
puttyhearted,,,
puzzled,,,
puzzleheaded,,,
puzzlepated,,,
pygmyweed,,,
pygostyled,,,
quadded,,,
quadrangled,,,
quadrated,,,
quadriarticulated,,,
quadridentated,,,
quadrigabled,,,
quadrilled,,,
quadrilobed,,,
quadriplicated,,,
quadrisulcated,,,
quadruped,,,
qualified,,,
quantitied,,,
quarred,,,
quarreled,,,
quartered,,,
quashy,,,
quatrefoiled,,,
queenright,,,
queenweed,,,
quesited,,,
quickhearted,,,
quilled,,,
quilleted,,,
quinquedentated,,,
quinquefoliated,,,
quinquelobated,,,
quinquenerved,,,
quinsied,,,
quintiped,,,
quintuplinerved,,,
quirk,,,
quitted,,,
quivered,,,
racemed,,,
radiated,,,
radicated,,,
radknight,,,
raggled,,,
ragweed,,,
raid,,,
rainlight,,,
rakan,,,
ramed,,,
ramet,,,
ramfeezled,,,
ramified,,,
ramososubdivided,,,
ramshackled,,,
ran,,,
rana,,,
ranged,,,
ranked,,,
rapiered,,,
raptured,,,
rasped,,,
rathed,,,
rattlebrained,,,
rattleheaded,,,
rattlepated,,,
rattleweed,,,
ravined,,,
rawboned,,,
rayed,,,
reasoned,,,
reassured,,,
rebold,,,
rebraid,,,
received,,,
recoke,,,
recollected,,,
reconvoke,,,
recrew,,,
rectinerved,,,
recut,,,
redeed,,,
redheaded,,,
redoubted,,,
reduced,,,
redweed,,,
reed,,,
reeded,,,
reediemadeasy,,,
refathered,,,
reflected,,,
refluxed,,,
refold,,,
reformed,,,
regimentaled,,,
regioned,,,
registered,,,
reglorified,,,
reindebted,,,
reiterated,,,
relade,,,
relaxed,,,
relieved,,,
relight,,,
remelt,,,
remiped,,,
renegade,,,
renowned,,,
rented,,,
repeated,,,
replicated,,,
repped,,,
repressed,,,
reprovoke,,,
reputed,,,
resaw,,,
reserved,,,
reshut,,,
resigned,,,
resmelt,,,
respade,,,
respiratored,,,
restricted,,,
resucceed,,,
retarded,,,
reticulated,,,
reticuled,,,
reticuloramose,,,
reticulose,,,
retinerved,,,
retiracied,,,
retired,,,
retracted,,,
retrocurved,,,
retroflexed,,,
retrofracted,,,
retromorphosed,,,
retroplexed,,,
retted,,,
returned,,,
reundercut,,,
revealed,,,
revenued,,,
reversed,,,
revet,,,
revulsed,,,
reweight,,,
reworked,,,
reyield,,,
reyoke,,,
rheumed,,,
rhyobasalt,,,
ribbed,,,
ribose,,,
ridered,,,
ridged,,,
ridgepoled,,,
riggot,,,
rightmost,,,
rimmed,,,
rinded,,,
ringboned,,,
ringed,,,
ringleted,,,
riverbank,,,
rizzomed,,,
roaded,,,
robur,,,
rocheted,,,
rockhearted,,,
rockstaff,,,
roke,,,
rolled,,,
rookeried,,,
roomed,,,
roosted,,,
rooted,,,
roothold,,,
rosated,,,
rose,,,
rosetted,,,
rosied,,,
rosillo,,,
rotated,,,
roughhearted,,,
roughtailed,,,
roun,,,
roundheaded,,,
roundmouthed,,,
roundnosed,,,
rowed,,,
rubbed,,,
rubbernose,,,
rubiconed,,,
rubied,,,
ruddied,,,
ruffled,,,
rugged,,,
rugheaded,,,
ruined,,,
rumpade,,,
runed,,,
runted,,,
ruptured,,,
rushed,,,
russet,,,
rustred,,,
rutilated,,,
s,,,
sabalo,,,
sabered,,,
sabora,,,
saboted,,,
sabromin,,,
sacatra,,,
saccated,,,
saccharated,,,
saccharinated,,,
saccos,,,
sackclothed,,,
sacked,,,
sacred,,,
sadden,,,
saddled,,,
saddlestead,,,
sade,,,
sadhearted,,,
sadness,,,
safehold,,,
saffroned,,,
sagerose,,,
sagittarius,,,
saguran,,,
sahme,,,
said,,,
saiga,,,
sailed,,,
sainted,,,
sair,,,
saj,,,
sakeret,,,
sakulya,,,
salaried,,,
salicin,,,
salicylaldehyde,,,
salited,,,
sallywood,,,
salmwood,,,
salted,,,
saltigrade,,,
saltweed,,,
salung,,,
salvadora,,,
sambuk,,,
samisen,,,
samsara,,,
sanctified,,,
sanctuaried,,,
sandaled,,,
sandbank,,,
sanded,,,
sandspur,,,
sandwood,,,
sang,,,
sanguinariness,,,
sank,,,
sapanwood,,,
sapheaded,,,
sapphired,,,
sapucaia,,,
saraf,,,
sarangi,,,
sarcast,,,
sarcocollin,,,
sargus,,,
saros,,,
sassafac,,,
sat,,,
satang,,,
satara,,,
satellited,,,
satined,,,
satisfied,,,
saturated,,,
saturnalia,,,
savola,,,
savored,,,
savoyed,,,
saw,,,
sawbuck,,,
sawed,,,
saxten,,,
scabbed,,,
scalded,,,
scaldweed,,,
scaled,,,
scalena,,,
scalled,,,
scalpel,,,
scamphood,,,
scapulated,,,
scarfed,,,
scarletseed,,,
scarred,,,
scarved,,,
scatterbrained,,,
scenewright,,,
scented,,,
sceptered,,,
schapped,,,
schediasm,,,
schistorrhachis,,,
schizophyte,,,
scho,,,
schoenus,,,
scholia,,,
schoolboyhood,,,
schooled,,,
sciaenid,,,
scienced,,,
scimitared,,,
scintillose,,,
scirrhi,,,
scissurellid,,,
sclerized,,,
sclerosed,,,
scobs,,,
scoke,,,
scolopendra,,,
scolopendrelloid,,,
scooped,,,
scopiped,,,
scopuliped,,,
scorched,,,
scored,,,
scorned,,,
scorpionweed,,,
scot,,,
scotomata,,,
scoured,,,
scouthood,,,
scow,,,
scragged,,,
scraggled,,,
scrank,,,
scraped,,,
scrapped,,,
scratchproof,,,
screecher,,,
screened,,,
screenplay,,,
screw,,,
screwed,,,
scrimped,,,
scrimshandy,,,
scriptured,,,
scrobiculated,,,
scrofulaweed,,,
scroggy,,,
scrolled,,,
scuffed,,,
sculptured,,,
scummed,,,
scurvied,,,
scut,,,
scutated,,,
scutcheoned,,,
scutiped,,,
scutulated,,,
scythesmith,,,
seacannie,,,
seadog,,,
sealed,,,
seamed,,,
seamost,,,
searchlight,,,
seared,,,
seasoned,,,
seastroke,,,
seated,,,
secluded,,,
secondhanded,,,
sectored,,,
sedentariness,,,
sedged,,,
sedigitated,,,
seedbed,,,
seeded,,,
seemlihead,,,
seeped,,,
seesaw,,,
segged,,,
segmented,,,
seirospore,,,
sejoined,,,
selt,,,
selvaged,,,
semanteme,,,
semeed,,,
semiabstracted,,,
semiacidified,,,
semianimated,,,
semiappressed,,,
semiattached,,,
semibalked,,,
semibelted,,,
semibleached,,,
semiboiled,,,
semicalcined,,,
semicarbonize,,,
semicircled,,,
semicivilized,,,
semicoagulated,,,
semicombined,,,
semicompacted,,,
semicordated,,,
semicoronated,,,
semicrepe,,,
semicured,,,
semidelight,,,
semidemented,,,
semideveloped,,,
semidigested,,,
semidisabled,,,
semidivided,,,
semidole,,,
semidried,,,
semieducated,,,
semienclosed,,,
semiexpanded,,,
semiexposed,,,
semifasciated,,,
semifinished,,,
semiflexed,,,
semiformed,,,
semiglazed,,,
semilined,,,
semiloose,,,
semimanufactured,,,
seminaked,,,
semiopened,,,
semiorganized,,,
semioxidated,,,
semipectinated,,,
semiped,,,
semipetrified,,,
semiphlogisticated,,,
semiplantigrade,,,
semirefined,,,
semiroyal,,,
semisacred,,,
semistarved,,,
semistratified,,,
semitailored,,,
semitrained,,,
semiundressed,,,
semivitrified,,,
semivulcanized,,,
semmet,,,
sennight,,,
sensed,,,
sent,,,
sepad,,,
sepalled,,,
sephen,,,
sept,,,
septangled,,,
septicolored,,,
septole,,,
sequestered,,,
serenade,,,
sereward,,,
serfhood,,,
sergeantship,,,
serglobulin,,,
sericated,,,
serran,,,
serrated,,,
serried,,,
serriped,,,
servo,,,
sesma,,,
sesquihydrated,,,
set,,,
setscrew,,,
sevenfold,,,
sevennight,,,
seventyfold,,,
sewed,,,
sewered,,,
sexangled,,,
sexdigitated,,,
sexiped,,,
sextipara,,,
shabbed,,,
shad,,,
shaded,,,
shadowed,,,
shafted,,,
shagged,,,
shagreened,,,
shaikh,,,
shakha,,,
shakiness,,,
shakti,,,
shallowbrained,,,
shallowpated,,,
shamed,,,
shamefaced,,,
shammed,,,
shangan,,,
shank,,,
shanked,,,
shaped,,,
sharded,,,
sharpsaw,,,
shatterbrained,,,
shatterheaded,,,
shawled,,,
shawneewood,,,
shea,,,
shebang,,,
shed,,,
sheepfaced,,,
sheepheaded,,,
sheepify,,,
sheepshed,,,
sheepweed,,,
sheered,,,
sheeted,,,
shela,,,
shelled,,,
sheltered,,,
sheminith,,,
shenanigan,,,
sheth,,,
sheveled,,,
shickered,,,
shielded,,,
shilpit,,,
shimose,,,
shingled,,,
shipboy,,,
shipped,,,
shirky,,,
shitepoke,,,
sho,,,
shockheaded,,,
shode,,,
shooi,,,
shopmaid,,,
shopocrat,,,
shopworn,,,
shoran,,,
shored,,,
shorthanded,,,
shortsighted,,,
shotted,,,
shouldered,,,
shovelnose,,,
shram,,,
shred,,,
shriekery,,,
shrimpy,,,
shrinkhead,,,
shrouded,,,
shrove,,,
shrubbed,,,
shubunkin,,,
shul,,,
shut,,,
shuttleheaded,,,
shydepoke,,,
sialid,,,
sibbed,,,
sickbed,,,
sickhearted,,,
sickled,,,
sickleweed,,,
sicklied,,,
sided,,,
sidelang,,,
sidth,,,
sienna,,,
sifted,,,
sigh,,,
sight,,,
sigmoid,,,
silbergroschen,,,
silenced,,,
siliciuretted,,,
silicotalcose,,,
silked,,,
sillandar,,,
sillikin,,,
sillyhood,,,
silvered,,,
silverweed,,,
silyl,,,
simoniac,,,
simplehearted,,,
simplified,,,
sinewed,,,
singed,,,
singled,,,
singlehanded,,,
singlehearted,,,
sinkfield,,,
sinopia,,,
sinuated,,,
sinuatocontorted,,,
siphonophoran,,,
siphonopore,,,
siphuncled,,,
siphunculated,,,
sipunculid,,,
sireny,,,
sirrah,,,
sithe,,,
siva,,,
sixscore,,,
sixteenfold,,,
sixtyfold,,,
sizal,,,
sjambok,,,
skee,,,
skeered,,,
skemmel,,,
sketcher,,,
sketchy,,,
skewbacked,,,
skewed,,,
skidded,,,
skied,,,
skilled,,,
skimmed,,,
skinned,,,
skippered,,,
skirted,,,
skirwhit,,,
skittled,,,
skulled,,,
skylight,,,
skyphoi,,,
slabbed,,,
slacked,,,
slade,,,
slang,,,
slashed,,,
slavocrat,,,
sled,,,
sleepify,,,
sleeved,,,
slept,,,
slewed,,,
slickered,,,
slid,,,
slided,,,
slight,,,
slimer,,,
slipped,,,
sliptopped,,,
slitted,,,
slocken,,,
sloebush,,,
sloke,,,
sloosh,,,
sloped,,,
slopped,,,
sloted,,,
slotted,,,
sloughy,,,
slovenwood,,,
slowheaded,,,
sludged,,,
slugabed,,,
slugged,,,
slugwood,,,
sluthood,,,
smallmouthed,,,
smeared,,,
smelled,,,
smelt,,,
smirky,,,
smoke,,,
smoked,,,
smoketight,,,
smoothbored,,,
smothered,,,
smudged,,,
smutted,,,
smyth,,,
snagged,,,
snaggled,,,
snakebird,,,
snakeskin,,,
snapped,,,
snapweed,,,
snatched,,,
sneaky,,,
sned,,,
sneezeweed,,,
snerp,,,
sniffy,,,
snite,,,
sniveled,,,
snod,,,
snooded,,,
snookered,,,
snore,,,
snouted,,,
snowie,,,
snowshade,,,
snowshoed,,,
snuck,,,
snuffcolored,,,
snurl,,,
soaked,,,
sobersided,,,
societified,,,
sodded,,,
softbrained,,,
softheaded,,,
soiled,,,
soke,,,
sol,,,
soldanrie,,,
solenostele,,,
solicited,,,
solidaric,,,
soliped,,,
solum,,,
sombreroed,,,
somepart,,,
sonantized,,,
sooterkin,,,
sorbose,,,
soreheaded,,,
sorrento,,,
sorryhearted,,,
sorted,,,
soshed,,,
sotie,,,
sotted,,,
souchy,,,
souffleed,,,
sought,,,
soul,,,
souled,,,
soundheaded,,,
soupy,,,
soured,,,
sourhearted,,,
sourtop,,,
southermost,,,
southernmost,,,
southwards,,,
sovran,,,
sowbacked,,,
spa,,,
spaced,,,
spade,,,
spaded,,,
spaer,,,
spaewright,,,
spaid,,,
sparaxis,,,
sparerib,,,
sparked,,,
sparred,,,
spasmed,,,
spatted,,,
spatterdashed,,,
spavined,,,
spearwood,,,
specked,,,
spectacled,,,
spectered,,,
specula,,,
sped,,,
spelt,,,
spermatiophore,,,
spermoblast,,,
sphacelated,,,
sphaerosiderite,,,
sphenotripsy,,,
spica,,,
spicated,,,
spiced,,,
spidered,,,
spied,,,
spiffed,,,
spigot,,,
spiked,,,
spina,,,
spindled,,,
spined,,,
spinsterhood,,,
spinulose,,,
spiraled,,,
spired,,,
spirographin,,,
spitscocked,,,
splacknuck,,,
splashed,,,
splatterfaced,,,
splayed,,,
splayfooted,,,
spleeny,,,
splinternew,,,
spoiled,,,
spoilt,,,
spoke,,,
sponged,,,
spongillid,,,
spongoblast,,,
spoonwood,,,
sporangiophore,,,
spored,,,
sporran,,,
spreaded,,,
sprew,,,
spried,,,
sprigged,,,
springbok,,,
sprinklered,,,
spurred,,,
spurwinged,,,
sputa,,,
squabbed,,,
squadroned,,,
squalid,,,
squamated,,,
squamosodentated,,,
squared,,,
squasher,,,
squatment,,,
squatted,,,
squatterproof,,,
squawweed,,,
squeakery,,,
squinted,,,
squoze,,,
sruti,,,
staboy,,,
stackfreed,,,
staffed,,,
stag,,,
stagecoach,,,
staged,,,
stagewright,,,
staid,,,
staiver,,,
stalactited,,,
stamened,,,
stampweed,,,
stancheled,,,
standardbred,,,
standfast,,,
stang,,,
staphyloangina,,,
stapled,,,
starched,,,
starchflower,,,
starlighted,,,
starred,,,
starstroke,,,
starved,,,
stated,,,
stathmos,,,
statolith,,,
statorhab,,,
statued,,,
statured,,,
stealed,,,
steamtight,,,
steatorrhea,,,
steed,,,
steelhearted,,,
steenbok,,,
steepled,,,
steepy,,,
steerer,,,
stegosaur,,,
stelai,,,
stellated,,,
stemmed,,,
stenochoria,,,
stepbairn,,,
stepfatherhood,,,
stephanome,,,
stepmotherhood,,,
stepped,,,
stept,,,
stereomatrix,,,
stereotropic,,,
stereotyped,,,
sterned,,,
stevedore,,,
stewed,,,
stibiated,,,
sticked,,,
stickweed,,,
stiffhearted,,,
stifler,,,
stilted,,,
stinkhorn,,,
stinkweed,,,
stinted,,,
stiped,,,
stippled,,,
stipuled,,,
stockade,,,
stockwright,,,
stodgery,,,
stof,,,
stoke,,,
stoled,,,
stoned,,,
stonehearted,,,
stonied,,,
stonyhearted,,,
stooded,,,
stopped,,,
storied,,,
stove,,,
stovewood,,,
stowce,,,
stowwood,,,
stradl,,,
straight,,,
strained,,,
straked,,,
strapped,,,
strati,,,
stratified,,,
stratlin,,,
stratocrat,,,
strawboard,,,
streaked,,,
streamlined,,,
streamy,,,
strelitzi,,,
streltzi,,,
strew,,,
strictured,,,
stright,,,
stringed,,,
stringhalted,,,
striolated,,,
striped,,,
stripped,,,
strived,,,
stroke,,,
strongbrained,,,
strophomenid,,,
strowd,,,
struck,,,
structured,,,
strum,,,
stub,,,
stubbed,,,
stubbled,,,
stuccoyer,,,
stue,,,
stumper,,,
stung,,,
stunted,,,
stupefied,,,
stupulose,,,
sturdyhearted,,,
stylopized,,,
suade,,,
subaid,,,
subangled,,,
subangulated,,,
subappressed,,,
subattenuated,,,
subbank,,,
subbias,,,
subbranched,,,
subbrigade,,,
subbromid,,,
subcandid,,,
subcarbureted,,,
subcommended,,,
subcompressed,,,
subcontained,,,
subcontracted,,,
subcortex,,,
subdebutante,,,
subdentated,,,
subdepressed,,,
subdilated,,,
subdistinguished,,,
subdruid,,,
subfumose,,,
subgrade,,,
subhero,,,
subhooked,,,
subimbricated,,,
subimposed,,,
subintercessor,,,
subjected,,,
sublighted,,,
sublimed,,,
submaid,,,
submerged,,,
submersed,,,
subnitrated,,,
subnotochordal,,,
suborbiculated,,,
subovated,,,
subpagoda,,,
subpartitioned,,,
subpeltated,,,
subplantigrade,,,
subsidiarie,,,
substituted,,,
subtriplicated,,,
subturriculated,,,
subtwined,,,
subulated,,,
suburbanhood,,,
subvein,,,
subventioned,,,
subversed,,,
subworkman,,,
sucivilized,,,
sucken,,,
sudsy,,,
suet,,,
suffragan,,,
suffused,,,
suicidal,,,
suitcase,,,
sukiyaki,,,
suld,,,
sulfoacid,,,
sulfonephthalein,,,
sulphated,,,
sulphonyl,,,
sulphuran,,,
sulphureosuffused,,,
sulphureted,,,
sulphurweed,,,
sultone,,,
sulung,,,
summar,,,
summed,,,
sunbeamed,,,
sunburned,,,
sundari,,,
sunfast,,,
sunglade,,,
sunniness,,,
sunnyhearted,,,
sunset,,,
sunsmitten,,,
superacidulated,,,
superbeloved,,,
superblessed,,,
supercarbureted,,,
supercharged,,,
supercivilized,,,
superclassified,,,
superconsecrated,,,
supercrowned,,,
supercultivated,,,
superdreadnought,,,
superelated,,,
superelevated,,,
superexceed,,,
superexcited,,,
superfructified,,,
supergun,,,
superheterodyne,,,
superimproved,,,
supernaculum,,,
superpowered,,,
superrefined,,,
superrheumatized,,,
superscandal,,,
supersolid,,,
supersubtilized,,,
supersulphureted,,,
supervast,,,
superwrought,,,
supposal,,,
suppressed,,,
supranasal,,,
surbased,,,
surbed,,,
surfaced,,,
surliness,,,
surmised,,,
surmounted,,,
surnay,,,
surpliced,,,
surra,,,
surrounded,,,
suscept,,,
suspended,,,
sustained,,,
sutten,,,
svarabhakti,,,
swag,,,
swam,,,
swannecked,,,
swanweed,,,
sweated,,,
sweatweed,,,
sweethearted,,,
sweetmouthed,,,
sweetweed,,,
swelled,,,
swept,,,
swerver,,,
swimmeret,,,
swinehood,,,
swingle,,,
switched,,,
swiveled,,,
swooned,,,
sye,,,
symphenomena,,,
syndoc,,,
synechthran,,,
syngnathid,,,
syruped,,,
systemed,,,
systolated,,,
tabarded,,,
tableaux,,,
tabled,,,
tabulated,,,
tade,,,
tagatose,,,
tailed,,,
takin,,,
talented,,,
taliped,,,
tallowweed,,,
taloned,,,
tambourinade,,,
tamehearted,,,
tampioned,,,
tanged,,,
tanked,,,
tanned,,,
tannined,,,
tapered,,,
tapmost,,,
taprooted,,,
tarantulated,,,
tarbooshed,,,
tarlataned,,,
tarmined,,,
tarr,,,
tarred,,,
tartarated,,,
tarten,,,
tartrated,,,
tarweed,,,
tasajo,,,
tasted,,,
tattered,,,
tattied,,,
taught,,,
tauted,,,
tawdered,,,
taximetered,,,
taxpaid,,,
tease,,,
teated,,,
tech,,,
ted,,,
teleost,,,
tellureted,,,
temperamented,,,
tempered,,,
templed,,,
tendriled,,,
tentacled,,,
tentaculated,,,
terebratulid,,,
terminalized,,,
terreted,,,
territoried,,,
terton,,,
tesseradecade,,,
tesserated,,,
tested,,,
testiculated,,,
testudinated,,,
tetrahydrated,,,
tetraiodid,,,
thank,,,
thaught,,,
thecaspored,,,
thelytonic,,,
thesmothetae,,,
thewed,,,
thickbrained,,,
thicketed,,,
thickheaded,,,
thickskulled,,,
thighed,,,
thimbled,,,
thinbrained,,,
thiofurfuran,,,
thirteenfold,,,
thirtyfold,,,
thissen,,,
thistled,,,
thonged,,,
thorned,,,
thoroughbred,,,
thoroughsped,,,
thoroughstitched,,,
threaded,,,
threefolded,,,
threescore,,,
threw,,,
throated,,,
thumbed,,,
thumbscrew,,,
thunderheaded,,,
thwartsaw,,,
tiang,,,
ticked,,,
tickled,,,
tickleweed,,,
tickseeded,,,
tickweed,,,
tided,,,
tierced,,,
tiered,,,
tiewigged,,,
tigerhearted,,,
tight,,,
tightfisted,,,
tiled,,,
tileseed,,,
timbertuned,,,
timbreled,,,
timed,,,
tindered,,,
tined,,,
tineweed,,,
tinged,,,
tinned,,,
tinnified,,,
tinted,,,
tipmost,,,
tirade,,,
tired,,,
tissued,,,
titheright,,,
tobaccofied,,,
tobaccoweed,,,
toecapped,,,
togated,,,
togetherhood,,,
toho,,,
toiled,,,
toileted,,,
toiletted,,,
toke,,,
tokened,,,
told,,,
tomcod,,,
toned,,,
tongued,,,
tonneaued,,,
tonsured,,,
took,,,
toothchiseled,,,
toothed,,,
topcast,,,
topflight,,,
topknotted,,,
topped,,,
torchweed,,,
tored,,,
tormented,,,
tormina,,,
torsade,,,
tortured,,,
toryweed,,,
totora,,,
toughhearted,,,
toupeed,,,
towered,,,
towheaded,,,
towned,,,
trabeated,,,
tracked,,,
tragicolored,,,
trained,,,
traitorhood,,,
trammeled,,,
tranced,,,
transferred,,,
transomed,,,
transprose,,,
traveled,,,
traversed,,,
trefoiled,,,
trellised,,,
trenched,,,
tressed,,,
tressured,,,
triangled,,,
triarcuated,,,
tribade,,,
tribarred,,,
tricarinated,,,
trichinae,,,
trichinosed,,,
tricolored,,,
tricornered,,,
tricuspidated,,,
tridentated,,,
tridimensioned,,,
tried,,,
trifoliated,,,
triformed,,,
trifuran,,,
triggered,,,
triglid,,,
triglyphed,,,
trihydrated,,,
trilamellated,,,
trilineated,,,
trilobed,,,
trimotored,,,
trinerved,,,
triparted,,,
tripinnated,,,
triplinerved,,,
tripointed,,,
trisinuated,,,
trisubstituted,,,
trisulcated,,,
triunsaturated,,,
tronc,,,
trophied,,,
tropic,,,
trothplight,,,
trottoired,,,
trousered,,,
truebred,,,
truffled,,,
trumpetweed,,,
truncated,,,
trunched,,,
truncheoned,,,
trunked,,,
trunnioned,,,
trussed,,,
trustee,,,
tubehearted,,,
tubercled,,,
tuberculated,,,
tuberculed,,,
tubuloracemose,,,
tuchit,,,
tufted,,,
tumbled,,,
tumored,,,
tunbellied,,,
tuned,,,
tunicated,,,
tunicked,,,
tunneled,,,
turanose,,,
turbaned,,,
turbined,,,
turcopole,,,
turfed,,,
turkis,,,
turned,,,
tushed,,,
tusked,,,
tussocked,,,
twatterlight,,,
tweeded,,,
twelvemo,,,
twibilled,,,
twilight,,,
twilled,,,
twirligig,,,
twitterboned,,,
twizzened,,,
twofold,,,
tzolkin,,,
uddered,,,
ullaged,,,
ulstered,,,
ultrainvolved,,,
ultrared,,,
umbeled,,,
umbellated,,,
unabandoned,,,
unabhorred,,,
unabraded,,,
unaccented,,,
unacclimatized,,,
unaccorded,,,
unaccounted,,,
unacidulated,,,
unacquainted,,,
unacquired,,,
unactivated,,,
unadapted,,,
unadjectived,,,
unadministered,,,
unadmired,,,
unadmitted,,,
unadored,,,
unadulterated,,,
unadvised,,,
unafeared,,,
unaffirmed,,,
unaged,,,
unagreed,,,
unalarmed,,,
unalcoholized,,,
unalienated,,,
unamerced,,,
unamputated,,,
unanchored,,,
unaneled,,,
unanimated,,,
unanswered,,,
unappealed,,,
unappeased,,,
unapplianced,,,
unappointed,,,
unappreciated,,,
unapprehended,,,
unapprenticed,,,
unappropriated,,,
unapproved,,,
unargued,,,
unarmed,,,
unarrayed,,,
unarticulated,,,
unascended,,,
unascertained,,,
unaspersed,,,
unassailed,,,
unassembled,,,
unassessed,,,
unassigned,,,
unassoiled,,,
unattained,,,
unattainted,,,
unattended,,,
unattired,,,
unauctioned,,,
unavailed,,,
unavouched,,,
unavowed,,,
unawaked,,,
unawared,,,
unawned,,,
unbadged,,,
unbagged,,,
unbailed,,,
unballasted,,,
unbandaged,,,
unbanked,,,
unbarreled,,,
unbarricaded,,,
unbasted,,,
unbeached,,,
unbeclogged,,,
unbedded,,,
unbedizened,,,
unbefriended,,,
unbegged,,,
unbegot,,,
unbegrimed,,,
unbeguiled,,,
unbejuggled,,,
unbemoaned,,,
unbended,,,
unberouged,,,
unbesieged,,,
unbesprinkled,,,
unbeveled,,,
unbewildered,,,
unbewitched,,,
unbirdlimed,,,
unbitted,,,
unblamed,,,
unblanketed,,,
unblighted,,,
unblistered,,,
unblockaded,,,
unbloomed,,,
unblotted,,,
unblundered,,,
unboiled,,,
unbolstered,,,
unbonded,,,
unbonneted,,,
unbooted,,,
unbordered,,,
unbossed,,,
unbottomed,,,
unbounded,,,
unboweled,,,
unbowled,,,
unbraceleted,,,
unbraided,,,
unbranched,,,
unbranded,,,
unbreaded,,,
unbreathed,,,
unbreeched,,,
unbribed,,,
unbridled,,,
unbrightened,,,
unbroadcasted,,,
unbrooded,,,
unbrowned,,,
unbuckramed,,,
unbudged,,,
unbuffered,,,
unbuilded,,,
unbulled,,,
unbundled,,,
unburgessed,,,
unburrowed,,,
unbuttoned,,,
uncabled,,,
uncaged,,,
uncalculated,,,
uncalked,,,
uncalmed,,,
uncamerated,,,
uncaned,,,
uncaparisoned,,,
uncaptived,,,
uncaricatured,,,
uncarted,,,
uncased,,,
uncasked,,,
uncastigated,,,
uncategorized,,,
unceded,,,
uncemented,,,
uncereclothed,,,
unchaired,,,
unchallenged,,,
unchanneled,,,
unchaptered,,,
uncharred,,,
unchatteled,,,
uncheated,,,
unchevroned,,,
unchided,,,
unchilled,,,
unchipped,,,
unciliated,,,
uncinated,,,
uncited,,,
unclaimed,,,
unclamped,,,
unclassed,,,
unclassified,,,
uncliented,,,
unclimbed,,,
unclipped,,,
unclogged,,,
uncloseted,,,
unclouded,,,
unclustered,,,
uncluttered,,,
uncocked,,,
uncodded,,,
uncoffined,,,
uncogged,,,
uncoiled,,,
uncollected,,,
uncolleged,,,
uncomforted,,,
uncommented,,,
uncommissioned,,,
uncommunicated,,,
uncompassionated,,,
uncompassioned,,,
uncomplained,,,
uncomplimented,,,
uncomputed,,,
unconceived,,,
uncondensed,,,
unconditionated,,,
unconducted,,,
unconfected,,,
unconfessed,,,
unconformed,,,
unconfounded,,,
uncongratulated,,,
unconquered,,,
unconsecrated,,,
unconstricted,,,
unconsummated,,,
uncontained,,,
uncontested,,,
uncontradicted,,,
uncontrolled,,,
uncontroverted,,,
unconverted,,,
unconvinced,,,
unconvulsed,,,
uncooped,,,
uncorded,,,
uncoronated,,,
uncostumed,,,
uncounted,,,
uncounterfeited,,,
uncramped,,,
uncreated,,,
uncredentialed,,,
uncredited,,,
uncrooked,,,
uncrossed,,,
uncrystaled,,,
uncuckolded,,,
uncumbered,,,
uncupped,,,
uncursed,,,
uncushioned,,,
undabbled,,,
undamasked,,,
undamped,,,
undared,,,
undawned,,,
undazzled,,,
undeadened,,,
undecided,,,
undecked,,,
undeclined,,,
undecreased,,,
undedicated,,,
undeeded,,,
undefended,,,
undefensed,,,
undefied,,,
undeflowered,,,
undefrauded,,,
undegraded,,,
undeified,,,
undeliberated,,,
undelighted,,,
undeluded,,,
undenied,,,
undeparted,,,
undeprecated,,,
underacted,,,
underanged,,,
underbowed,,,
underbraced,,,
undercarved,,,
underchurched,,,
undercoated,,,
undercolored,,,
undercompounded,,,
underexcited,,,
underfolded,,,
underhanded,,,
underhorsed,,,
underided,,,
underlanguaged,,,
undermanned,,,
undermasted,,,
undermoated,,,
undernoted,,,
underofficered,,,
underpetticoated,,,
underpropped,,,
underrented,,,
underrespected,,,
underripened,,,
underrooted,,,
undersailed,,,
undersighted,,,
underspecified,,,
understrew,,,
undertaxed,,,
undertided,,,
undertoned,,,
undertrained,,,
undervaulted,,,
underwitted,,,
undeserved,,,
undesignated,,,
undetermined,,,
undiamonded,,,
undieted,,,
undiffracted,,,
undigged,,,
undimensioned,,,
undiminished,,,
undined,,,
undirected,,,
undisabled,,,
undisarmed,,,
undisburdened,,,
undiscerned,,,
undisclaimed,,,
undiscovered,,,
undiscriminated,,,
undisfigured,,,
undisgorged,,,
undisguised,,,
undished,,,
undismembered,,,
undisordered,,,
undispleased,,,
undisprivacied,,,
undissected,,,
undistended,,,
undistinguished,,,
undistracted,,,
undistressed,,,
undisturbed,,,
undivided,,,
undizened,,,
undocked,,,
undodged,,,
undolled,,,
undonated,,,
undoubted,,,
undoweled,,,
undragoned,,,
undraped,,,
undreaded,,,
undrenched,,,
undrowned,,,
undulated,,,
undulled,,,
undumped,,,
uneagled,,,
unedged,,,
uneffigiated,,,
unelaborated,,,
unelated,,,
unelevated,,,
uneloped,,,
unemasculated,,,
unembased,,,
unembossed,,,
unemotioned,,,
unempoisoned,,,
unenacted,,,
unencamped,,,
unencumbered,,,
unended,,,
unenfeebled,,,
unenfranchised,,,
unengraved,,,
unenlarged,,,
unenriched,,,
unensured,,,
unentitled,,,
unentranced,,,
unentwined,,,
unenveloped,,,
unequipped,,,
unequivalved,,,
unermined,,,
unescalloped,,,
unescaped,,,
unescorted,,,
unesteemed,,,
unestopped,,,
unevaporated,,,
unevinced,,,
unevolved,,,
unexasperated,,,
unexchanged,,,
unexcreted,,,
unexcused,,,
unexempted,,,
unexhausted,,,
unexhibited,,,
unexhorted,,,
unexpeditated,,,
unexperienced,,,
unexplicated,,,
unexploited,,,
unexpressed,,,
unextended,,,
unextinguished,,,
unexuded,,,
unfailed,,,
unfamiliarized,,,
unfanged,,,
unfarewelled,,,
unfascinated,,,
unfashioned,,,
unfathomed,,,
unfavored,,,
unfeasted,,,
unfecundated,,,
unfeigned,,,
unfenced,,,
unfermented,,,
unfestered,,,
unfettered,,,
unfibered,,,
unfiled,,,
unfilmed,,,
unfined,,,
unfirmamented,,,
unflagged,,,
unflanked,,,
unflecked,,,
unfleeced,,,
unfloored,,,
unflowered,,,
unfluked,,,
unflushed,,,
unfoliaged,,,
unforded,,,
unforecasted,,,
unforgot,,,
unforwarded,,,
unfounded,,,
unfreckled,,,
unfriended,,,
unfrighted,,,
unfrilled,,,
unfrizzled,,,
unfrocked,,,
unfuddled,,,
unfulled,,,
unfumbled,,,
unfunded,,,
unfurbelowed,,,
unfurnitured,,,
unfused,,,
ungaged,,,
unganged,,,
ungardened,,,
ungarlanded,,,
ungarrisoned,,,
ungassed,,,
ungauged,,,
ungeminated,,,
ungenerated,,,
ungilded,,,
ungirded,,,
ungirthed,,,
ungloomed,,,
unglossaried,,,
ungloved,,,
unglutted,,,
ungorged,,,
ungouged,,,
ungoverned,,,
ungraced,,,
ungrafted,,,
ungrammared,,,
ungrieved,,,
ungrizzled,,,
ungrounded,,,
unguerdoned,,,
unguiculated,,,
unguided,,,
unguiled,,,
ungulated,,,
ungummed,,,
unguzzled,,,
unhabited,,,
unhacked,,,
unhad,,,
unhallowed,,,
unhalsed,,,
unhaltered,,,
unhampered,,,
unhandicapped,,,
unhandled,,,
unhanged,,,
unharbored,,,
unharnessed,,,
unhasped,,,
unhastened,,,
unhated,,,
unhaunted,,,
unhazarded,,,
unheaded,,,
unhealed,,,
unheaped,,,
unheaved,,,
unhedged,,,
unheeded,,,
unhelmed,,,
unhelped,,,
unherded,,,
unhidated,,,
unhinted,,,
unhitched,,,
unhoarded,,,
unhoisted,,,
unhollowed,,,
unhoodwinked,,,
unhooked,,,
unhooted,,,
unhosed,,,
unhoused,,,
unhulled,,,
unhumbugged,,,
unhurdled,,,
uniauriculated,,,
uniced,,,
unicelled,,,
unicolored,,,
unidentified,,,
unified,,,
uniformed,,,
unilabiated,,,
unillumined,,,
unilobed,,,
unimaged,,,
unimagined,,,
unimbordered,,,
unimitated,,,
unimmerged,,,
unimpassioned,,,
unimpeached,,,
unimpeded,,,
unimpelled,,,
unimplicated,,,
unimportuned,,,
unimpregnated,,,
unimproved,,,
unincarnated,,,
unincised,,,
unincorporated,,,
unindividuated,,,
uninferred,,,
uninflicted,,,
uninfolded,,,
uninitialed,,,
uninitiated,,,
uninspected,,,
uninstalled,,,
uninstigated,,,
uninsulated,,,
unintended,,,
uninterjected,,,
uninterpolated,,,
unintersected,,,
uninterviewed,,,
unintimated,,,
unintoned,,,
unintrigued,,,
uninucleated,,,
uninveigled,,,
uninweaved,,,
unioned,,,
unironed,,,
unisolated,,,
unjaded,,,
unjapanned,,,
unjilted,,,
unjointured,,,
unjudged,,,
unjumbled,,,
unjustified,,,
unjustled,,,
unkamed,,,
unkenneled,,,
unkindhearted,,,
unkinged,,,
unkneaded,,,
unlaced,,,
unladled,,,
unlamed,,,
unlanded,,,
unlapped,,,
unlashed,,,
unlathed,,,
unlauded,,,
unlaundered,,,
unlawed,,,
unleaded,,,
unlearned,,,
unleashed,,,
unlectured,,,
unleveled,,,
unlighted,,,
unliked,,,
unlimed,,,
unlimned,,,
unlinked,,,
unliquored,,,
unlitigated,,,
unloaded,,,
unlodged,,,
unlooped,,,
unlopped,,,
unlorded,,,
unloved,,,
unlugged,,,
unlured,,,
unluted,,,
unmadded,,,
unmailed,,,
unmalled,,,
unmanacled,,,
unmanaged,,,
unmaned,,,
unmanifested,,,
unmannered,,,
unmantled,,,
unmartyred,,,
unmatched,,,
unmated,,,
unmatured,,,
unmauled,,,
unmeasured,,,
unmedaled,,,
unmellowed,,,
unmemoired,,,
unmentioned,,,
unmerged,,,
unmetaled,,,
unmilked,,,
unministered,,,
unmolested,,,
unmoored,,,
unmordanted,,,
unmortised,,,
unmoved,,,
unmucilaged,,,
unmuddled,,,
unmuffled,,,
unmunched,,,
unmunitioned,,,
unmuted,,,
unmuzzled,,,
unnagged,,,
unnailed,,,
unnavigated,,,
unnecessitated,,,
unneeded,,,
unnegotiated,,,
unnerved,,,
unnetted,,,
unnicked,,,
unnipped,,,
unnoticed,,,
unnucleated,,,
unobliged,,,
unobscured,,,
unobstructed,,,
unobtained,,,
unoccupied,,,
unoiled,,,
unoped,,,
unoperculated,,,
unoriented,,,
unoriginated,,,
unoutlawed,,,
unoverclouded,,,
unoverpowered,,,
unpadded,,,
unpainted,,,
unpaled,,,
unpalled,,,
unpaneled,,,
unpapered,,,
unparagoned,,,
unparceled,,,
unparched,,,
unpardoned,,,
unpargeted,,,
unparliamented,,,
unpartnered,,,
unpassed,,,
unpasted,,,
unpatrolled,,,
unpaunched,,,
unpawned,,,
unpealed,,,
unpeeled,,,
unpelted,,,
unpenciled,,,
unpensioned,,,
unpeopled,,,
unpercolated,,,
unperforated,,,
unperformed,,,
unperished,,,
unperverted,,,
unpetticoated,,,
unphonographed,,,
unpieced,,,
unpigmented,,,
unpinched,,,
unpinioned,,,
unplained,,,
unplaited,,,
unplanked,,,
unplashed,,,
unplated,,,
unpleased,,,
unplowed,,,
unplumed,,,
unplunged,,,
unpocketed,,,
unpointed,,,
unpopulated,,,
unposted,,,
unpotted,,,
unpracticed,,,
unpreached,,,
unpreceded,,,
unpreened,,,
unprejudiced,,,
unpremeditated,,,
unpremonished,,,
unprescinded,,,
unpresented,,,
unprincipled,,,
unprivileged,,,
unprocessed,,,
unprocured,,,
unproduced,,,
unprofaned,,,
unprofited,,,
unprologued,,,
unpropagated,,,
unpropertied,,,
unpropounded,,,
unprorogued,,,
unproselyted,,,
unprostituted,,,
unprotested,,,
unproved,,,
unprovided,,,
unprovisioned,,,
unprovoked,,,
unpuckered,,,
unpulped,,,
unpulvinated,,,
unpummelled,,,
unpunished,,,
unpurled,,,
unpurported,,,
unpursed,,,
unquadded,,,
unqualified,,,
unqueened,,,
unquenched,,,
unquickened,,,
unquoted,,,
unracked,,,
unraffled,,,
unraked,,,
unramified,,,
unranked,,,
unrasped,,,
unreaped,,,
unreasoned,,,
unrebutted,,,
unreciprocated,,,
unreclined,,,
unreconciled,,,
unrecovered,,,
unredeemed,,,
unrefined,,,
unrefunded,,,
unregarded,,,
unregimented,,,
unreined,,,
unrelented,,,
unrelieved,,,
unreligioned,,,
unreminded,,,
unremoved,,,
unrenowned,,,
unrepealed,,,
unrepossessed,,,
unrepressed,,,
unreprieved,,,
unreproached,,,
unreproved,,,
unreserved,,,
unresolved,,,
unrestrained,,,
unretinued,,,
unreverenced,,,
unrevoked,,,
unricked,,,
unridged,,,
unriffled,,,
unrigged,,,
unriped,,,
unrived,,,
unroaded,,,
unrodded,,,
unrooted,,,
unroped,,,
unrouged,,,
unrounded,,,
unroved,,,
unrubbed,,,
unruddered,,,
unruffled,,,
unruled,,,
unsabered,,,
unsaddened,,,
unsafeguarded,,,
unsainted,,,
unsalaried,,,
unsalivated,,,
unsaluted,,,
unsalved,,,
unsanctified,,,
unsanctuaried,,,
unsashed,,,
unsatisfied,,,
unsavored,,,
unscabbarded,,,
unscalloped,,,
unscared,,,
unsceptered,,,
unsceptred,,,
unschooled,,,
unscolded,,,
unscotched,,,
unscraped,,,
unseamed,,,
unsearched,,,
unseasoned,,,
unsecreted,,,
unseduced,,,
unsentenced,,,
unseptated,,,
unsepulchred,,,
unserrated,,,
unshackled,,,
unshaded,,,
unshaled,,,
unshamed,,,
unsharpened,,,
unsheared,,,
unsheeted,,,
unshelled,,,
unshepherded,,,
unshewed,,,
unshipped,,,
unshipwrecked,,,
unshortened,,,
unshouted,,,
unshredded,,,
unshrivelled,,,
unshuffled,,,
unshuttered,,,
unsickened,,,
unsickled,,,
unsifted,,,
unsimulated,,,
unsinewed,,,
unsingled,,,
unsipped,,,
unskinned,,,
unslacked,,,
unslapped,,,
unslated,,,
unsliced,,,
unsloped,,,
unsluiced,,,
unslurred,,,
unsmelted,,,
unsmudged,,,
unsnaffled,,,
unsnapped,,,
unsnatched,,,
unsnipped,,,
unsnouted,,,
unsoiled,,,
unsoldered,,,
unsoled,,,
unsolved,,,
unsonneted,,,
unsorrowed,,,
unsounded,,,
unsoured,,,
unsowed,,,
unspangled,,,
unspattered,,,
unspeered,,,
unspewed,,,
unspied,,,
unspirited,,,
unspited,,,
unspoiled,,,
unsponsored,,,
unspouted,,,
unspurned,,,
unsquandered,,,
unsquired,,,
unstablished,,,
unstaffed,,,
unstained,,,
unstalked,,,
unstamped,,,
unstarched,,,
unstartled,,,
unstationed,,,
unstecked,,,
unsteeped,,,
unstercorated,,,
unstiffened,,,
unstilled,,,
unstinted,,,
unstitched,,,
unstocked,,,
unstoned,,,
unstored,,,
unstraightened,,,
unstrained,,,
unstranded,,,
unstrangled,,,
unstrapped,,,
unstrengthened,,,
unstretched,,,
unstriped,,,
unstudded,,,
unstunned,,,
unsubdivided,,,
unsubjugated,,,
unsublimed,,,
unsubordinated,,,
unsubsided,,,
unsubstituted,,,
unsubtracted,,,
unsucked,,,
unsuffered,,,
unsuffocated,,,
unsuited,,,
unsunburned,,,
unsuperseded,,,
unsupped,,,
unsuppled,,,
unsurfaced,,,
unsurmounted,,,
unsurpliced,,,
unsurrounded,,,
unsurvived,,,
unsweated,,,
unswelled,,,
unswingled,,,
unsyllabled,,,
untacked,,,
untackled,,,
untagged,,,
untamed,,,
untaped,,,
untaunted,,,
untawed,,,
unteamed,,,
untedded,,,
untenanted,,,
untendered,,,
untented,,,
unterminated,,,
untested,,,
unthatched,,,
unthoughted,,,
unthralled,,,
unthreatened,,,
unthriftihood,,,
unthrilled,,,
unthroned,,,
unthrottled,,,
unthumped,,,
unticketed,,,
untimbered,,,
untinged,,,
untired,,,
untoiled,,,
untolerated,,,
untoned,,,
untoothed,,,
untopped,,,
untortured,,,
untouched,,,
untraced,,,
untrailed,,,
untrammed,,,
untramped,,,
untranslated,,,
untrashed,,,
untreasured,,,
untrekked,,,
untrepanned,,,
untressed,,,
untriced,,,
untrolled,,,
untrotted,,,
untrounced,,,
untruckled,,,
untrumped,,,
untrussed,,,
untrusted,,,
untufted,,,
untuned,,,
unturpentined,,,
untutored,,,
untwirled,,,
ununited,,,
unurged,,,
unurned,,,
unusurped,,,
unvatted,,,
unveiled,,,
unvended,,,
unvenged,,,
unvenomed,,,
unvermiculated,,,
unversed,,,
unvesseled,,,
unvictualed,,,
unvintaged,,,
unviolined,,,
unvisioned,,,
unvisored,,,
unvitiated,,,
unvizarded,,,
unvoiced,,,
unvoted,,,
unvowed,,,
unwafted,,,
unwagged,,,
unwakened,,,
unwallowed,,,
unwarbled,,,
unwarned,,,
unwatered,,,
unwattled,,,
unweaponed,,,
unwearied,,,
unweathered,,,
unwed,,,
unweened,,,
unwelcomed,,,
unwheeled,,,
unwhipped,,,
unwilled,,,
unwiped,,,
unwitched,,,
unwitnessed,,,
unwonted,,,
unworked,,,
unworshipped,,,
unwounded,,,
unwrapped,,,
unyeaned,,,
unyielded,,,
unyoked,,,
unzoned,,,
upfingered,,,
urled,,,
vacanthearted,,,
vaginated,,,
valanced,,,
valved,,,
vambraced,,,
vamped,,,
vaned,,,
vanitied,,,
vapored,,,
vareheaded,,,
varicolored,,,
varicosed,,,
varied,,,
variformed,,,
variotinted,,,
varved,,,
vasocorona,,,
vaulted,,,
vaunted,,,
veiled,,,
veined,,,
velveted,,,
Vened,,,
venomed,,,
verdured,,,
verriculated,,,
verrucated,,,
versed,,,
versewright,,,
versicolored,,,
vertebrated,,,
verticillated,,,
veruled,,,
verveled,,,
vesseled,,,
vestibuled,,,
vestmented,,,
vexed,,,
vinaigretted,,,
vined,,,
vinegarweed,,,
virgated,,,
viroled,,,
virulented,,,
visaged,,,
visie,,,
visioned,,,
vitrailed,,,
vizarded,,,
voiced,,,
voided,,,
volumed,,,
voluted,,,
vowed,,,
wacago,,,
wade,,,
waer,,,
waged,,,
wagonwright,,,
wahahe,,,
waik,,,
waistcoated,,,
waisted,,,
waiterhood,,,
waken,,,
waky,,,
waled,,,
wali,,,
walleyed,,,
wandy,,,
waned,,,
wapacut,,,
wapp,,,
warded,,,
wardmaid,,,
wardsmaid,,,
warehoused,,,
warluck,,,
warmed,,,
warmhearted,,,
warped,,,
warranted,,,
warriorhood,,,
warsaw,,,
warted,,,
warty,,,
was,,,
washbrew,,,
washed,,,
washmaid,,,
washshed,,,
wasp,,,
wasted,,,
watched,,,
watered,,,
waterie,,,
waterlogged,,,
watershed,,,
wattled,,,
wavicle,,,
waxhearted,,,
waypost,,,
wayzgoose,,,
weakbrained,,,
weakhearted,,,
weaponed,,,
wearied,,,
weathered,,,
weatherheaded,,,
weatherproofed,,,
weazened,,,
webbed,,,
wed,,,
wedded,,,
wedset,,,
weeded,,,
weelfaured,,,
weepered,,,
weeviled,,,
wefted,,,
weighed,,,
weight,,,
welted,,,
went,,,
wept,,,
were,,,
westwardmost,,,
wetched,,,
wha,,,
whaleboned,,,
whanghee,,,
wheateared,,,
wheeled,,,
wheelwright,,,
wheft,,,
whelked,,,
whelphood,,,
whet,,,
wheyfaced,,,
whillaballoo,,,
whimsied,,,
whincheck,,,
whinny,,,
whipped,,,
whirled,,,
whiskered,,,
whiskied,,,
whiskyfied,,,
whispered,,,
whisterpoop,,,
whit,,,
whited,,,
whitehanded,,,
whitehearted,,,
whiteshank,,,
whiteweed,,,
whitherso,,,
whittaw,,,
whorled,,,
wicked,,,
wickerworked,,,
widehearted,,,
widowed,,,
widowered,,,
wifehood,,,
wigged,,,
wild,,,
wiliness,,,
willed,,,
willie,,,
willinghearted,,,
willowed,,,
willowweed,,,
windbagged,,,
winded,,,
windgalled,,,
windowlight,,,
windtight,,,
wined,,,
wingcut,,,
winghanded,,,
wingpost,,,
winkered,,,
wintered,,,
winterweed,,,
wired,,,
wiseacred,,,
wisehearted,,,
wiseweed,,,
wished,,,
wistened,,,
witchhood,,,
withdraught,,,
withered,,,
witherweight,,,
withhold,,,
witted,,,
wizened,,,
wode,,,
woke,,,
wolfhood,,,
womanhearted,,,
wombed,,,
won,,,
wonderbright,,,
wonned,,,
wonted,,,
woodchuck,,,
woodcrafty,,,
wooded,,,
woodenheaded,,,
woodlocked,,,
woodshed,,,
woofed,,,
wooled,,,
woolshed,,,
woolulose,,,
woolweed,,,
worded,,,
wore,,,
worked,,,
workhoused,,,
worlded,,,
wormed,,,
wormholed,,,
wormseed,,,
worried,,,
wounded,,,
wove,,,
wow,,,
wrapped,,,
wreathed,,,
wrenched,,,
wretched,,,
wried,,,
wrinkled,,,
wristed,,,
writh,,,
wrizzled,,,
wroke,,,
wronged,,,
wrongheaded,,,
wronghearted,,,
wrote,,,
wunner,,,
wurset,,,
wyde,,,
yapped,,,
yed,,,
yoke,,,
yolked,,,
zagged,,,
zed,,,
zigzagged,,,
zonated,,,
zoned,,,