VBP,word,type,v1
abaptiston,,,
abave,,,
abbeystede,,,
abbot,,,
abdominothoracic,,,
abietate,,,
abiogenist,,,
abjective,,,
ablepharon,,,
abler,,,
abnormalize,,,
abox,,,
abrupt,,,
abruption,,,
abstractionist,,,
absume,,,
abusee,,,
abyss,,,
accede,,,
accend,,,
accession,,,
accipitrine,,,
accordant,,,
accorder,,,
accurate,,,
accusal,,,
accusative,,,
acentric,,,
acertannin,,,
acetify,,,
acetometry,,,
acetonyl,,,
acetylbenzoate,,,
acetylenediurein,,,
achene,,,
achree,,,
achromia,,,
acidic,,,
acidify,,,
acidimetry,,,
acidize,,,
acknow,,,
acknowledge,,,
acoelomate,,,
acoria,,,
acouchy,,,
acquaint,,,
acraspedote,,,
acroanesthesia,,,
acrocephalic,,,
acrodrome,,,
acrogen,,,
acrogynae,,,
acromyotonus,,,
acronymize,,,
acrook,,,
actinobranchia,,,
actinogonidiate,,,
actinotherapy,,,
actu,,,
acuminate,,,
acutograve,,,
adamine,,,
adaptitude,,,
adawlut,,,
ademonist,,,
adenolymphoma,,,
adenyl,,,
adequate,,,
adiabolist,,,
adjag,,,
adjourn,,,
adjust,,,
admarginate,,,
administerd,,,
administratrix,,,
admonitor,,,
adoptionist,,,
adroit,,,
adulterize,,,
adumbrative,,,
adventitia,,,
adventuresome,,,
adverbialize,,,
adversifoliate,,,
ae,,,
aegirine,,,
aerenterectasia,,,
aerobe,,,
aerodrome,,,
aerodyne,,,
aerography,,,
aerolite,,,
aerometeorograph,,,
aeronautism,,,
aerophyte,,,
aerotherapy,,,
affectionate,,,
afire,,,
afterbrain,,,
afterdeck,,,
aftereffect,,,
afterend,,,
afterfriend,,,
aftergrave,,,
afterhand,,,
afterhend,,,
afternose,,,
afterpain,,,
afterwash,,,
afunction,,,
aggregate,,,
aggrieve,,,
agleaf,,,
agnosticism,,,
agoho,,,
agonium,,,
agrogeology,,,
agrology,,,
agronomist,,,
ah,,,
aheap,,,
ahimsa,,,
ai,,,
ainsell,,,
aire,,,
airhead,,,
aiseweed,,,
ait,,,
ake,,,
alacrify,,,
aland,,,
alangin,,,
albificative,,,
albumenize,,,
albuminoscope,,,
alburn,,,
alcazar,,,
alcidine,,,
alcohate,,,
alcoholuria,,,
aleberry,,,
alem,,,
aleuronat,,,
alexandrite,,,
alfileria,,,
algarroba,,,
algate,,,
alginate,,,
algometry,,,
alkalimetry,,,
alkine,,,
alligate,,,
allochiria,,,
allopathist,,,
allopatry,,,
allorrhyhmia,,,
allotropize,,,
allow,,,
almsdeed,,,
alogism,,,
Alpax,,,
alphabetiform,,,
alroot,,,
alstonidine,,,
alternifoliate,,,
alternipinnate,,,
altimetry,,,
altisonant,,,
altitude,,,
aluminothermy,,,
alumniate,,,
am,,,
amanuensis,,,
amaroid,,,
amative,,,
ambergris,,,
ambilaterality,,,
amend,,,
amethyst,,,
amethystine,,,
ametrometer,,,
ametropic,,,
amidohexose,,,
amor,,,
amour,,,
ampalaya,,,
ampheclexis,,,
amphetamine,,,
amphibologism,,,
amphibrach,,,
amphiscii,,,
amphistomoid,,,
amphitokal,,,
amphitriaene,,,
amphodiplopia,,,
amylenol,,,
amynodont,,,
anacamptometer,,,
anachronism,,,
anachronize,,,
anacleticum,,,
anaglyphoscope,,,
anaglyptograph,,,
anagogy,,,
anagrammatism,,,
anagraph,,,
analav,,,
analemma,,,
analysis,,,
anamorphote,,,
anantherate,,,
anapaganize,,,
anapnoic,,,
anarchism,,,
anarthria,,,
anarya,,,
anathematism,,,
anatifer,,,
anatine,,,
androcentric,,,
androgynia,,,
anecdote,,,
anecdotist,,,
anemometry,,,
angelize,,,
angloid,,,
angulodentate,,,
angusticlave,,,
angustifoliate,,,
anhalamine,,,
anil,,,
animalculist,,,
anise,,,
anisodactylic,,,
anisotropism,,,
anodize,,,
anomalocephalus,,,
anoncillo,,,
anorthography,,,
anorthose,,,
anotia,,,
anounou,,,
anserine,,,
antagonization,,,
antecessor,,,
antenave,,,
anthocarp,,,
anthocerote,,,
anthracene,,,
anthranilate,,,
anthranol,,,
anthropoidean,,,
anthroponomist,,,
anthropopathism,,,
anthropophagize,,,
anthropophagy,,,
antialbumose,,,
antiantidote,,,
antichthon,,,
anticipator,,,
anticontagionist,,,
antigravitate,,,
antilaborist,,,
antilepsis,,,
antimonate,,,
antipersonnel,,,
antiphonon,,,
antiprophet,,,
antiracemate,,,
antirust,,,
antisensitizer,,,
antisepticism,,,
antistrophize,,,
antithesis,,,
antithrombic,,,
antitrismus,,,
antivaccinist,,,
antivenom,,,
antivitalist,,,
anuric,,,
anywhy,,,
aphakia,,,
aphasia,,,
aphetism,,,
aphorism,,,
aphorist,,,
aphorize,,,
aphthoid,,,
aplanatism,,,
apocalypticism,,,
apogaeic,,,
apogeotropic,,,
apologia,,,
aposaturn,,,
apostatism,,,
apostolize,,,
apotheosis,,,
append,,,
applauder,,,
appleblossom,,,
applesauce,,,
applicator,,,
apprend,,,
approachabl,,,
appropre,,,
aproneer,,,
apteroid,,,
apterygote,,,
aptitude,,,
aquabelle,,,
aquifer,,,
arake,,,
archaicism,,,
archarchitect,,,
archband,,,
archdapifer,,,
archetypist,,,
archfiend,,,
archflatterer,,,
archfriend,,,
archicoele,,,
archidome,,,
archiepiscopate,,,
archimorula,,,
architrave,,,
archsee,,,
archvillain,,,
arctiid,,,
arctoid,,,
are,,,
arecaidine,,,
arena,,,
arend,,,
areography,,,
areroscope,,,
argel,,,
argentometry,,,
armisonant,,,
arnberry,,,
aroid,,,
aromadendrin,,,
aromatization,,,
arose,,,
arrant,,,
arrhizal,,,
arriswise,,,
arthrodia,,,
arthroneuralgia,,,
arthrotyphoid,,,
artificialize,,,
artistry,,,
artocarpad,,,
arylate,,,
asaddle,,,
ascend,,,
asceticism,,,
ascry,,,
aselgeia,,,
asepticism,,,
aseptolin,,,
ashberry,,,
ashet,,,
asiphonate,,,
aslumber,,,
asmear,,,
asoak,,,
asomatophyte,,,
aspartate,,,
aspect,,,
asperifoliate,,,
aspermic,,,
asperse,,,
aspersive,,,
asphaltene,,,
aspiculate,,,
aspidinol,,,
assapan,,,
assay,,,
assert,,,
assever,,,
asseveration,,,
assiduity,,,
assume,,,
astalk,,,
astaticism,,,
astay,,,
astigmatism,,,
astrand,,,
astraphobia,,,
astrologize,,,
astronomer,,,
astronomize,,,
astroscope,,,
asynapsis,,,
asyndeton,,,
atelier,,,
atelopodia,,,
atheology,,,
athleticism,,,
athwartwise,,,
atlantite,,,
atmiatry,,,
atmospherology,,,
atomerg,,,
atour,,,
atrochal,,,
attacco,,,
attain,,,
attend,,,
attendant,,,
attender,,,
attercop,,,
attributive,,,
atwixt,,,
aucupate,,,
audiologist,,,
augend,,,
auletris,,,
aureomycin,,,
aurilave,,,
aurore,,,
autechoscope,,,
autoclave,,,
autocopist,,,
autocrator,,,
autoecic,,,
autoeroticism,,,
autogauge,,,
autographism,,,
automorphism,,,
autonomize,,,
autophagia,,,
autophonoscope,,,
autophyllogeny,,,
autophytograph,,,
auxiliar,,,
ave,,,
avellane,,,
aventail,,,
aviatrix,,,
avid,,,
avifauna,,,
avizandum,,,
awabi,,,
await,,,
awave,,,
awber,,,
axfetch,,,
axiomatization,,,
azimuthal,,,
azobenzil,,,
azorubine,,,
azotize,,,
azotorrhoea,,,
azovernine,,,
azygobranchiate,,,
azygosperm,,,
bacca,,,
backlash,,,
backlog,,,
backwash,,,
bacteriophagic,,,
badminton,,,
balangay,,,
balconet,,,
baldberry,,,
balinghasay,,,
balky,,,
balneotherapia,,,
ban,,,
bandstand,,,
barbarize,,,
barometrograph,,,
barrator,,,
barwise,,,
barythymia,,,
bash,,,
basten,,,
bathymetry,,,
bayhead,,,
beancod,,,
beastman,,,
beaten,,,
bebrave,,,
bedcord,,,
bedstead,,,
bedwell,,,
beechen,,,
beechy,,,
beeswax,,,
beeve,,,
befortune,,,
begrave,,,
behave,,,
beknave,,,
beknow,,,
beleave,,,
believe,,,
bellicose,,,
benote,,,
berake,,,
bereave,,,
berkowitz,,,
berylline,,,
besa,,,
beshake,,,
beslave,,,
besleeve,,,
besnow,,,
besour,,,
bestink,,,
beteem,,,
betinge,,,
betrend,,,
betwine,,,
biacid,,,
biannulate,,,
bibcock,,,
bibliographize,,,
bibliopolism,,,
bibliotist,,,
bicetyl,,,
bicondylar,,,
biconjugate,,,
bidactyle,,,
bidigitate,,,
biennium,,,
bifer,,,
bimarginate,,,
bimucronate,,,
bink,,,
binodose,,,
biochemist,,,
biodyne,,,
biolith,,,
biome,,,
biometeorology,,,
biometry,,,
bionomist,,,
biophysiography,,,
bioscope,,,
biosterin,,,
biosystematist,,,
biporose,,,
biquartz,,,
bisaccate,,,
bisectrix,,,
bismutite,,,
bispinose,,,
bisymmetry,,,
bitreadle,,,
bittersweet,,,
bituminate,,,
biune,,,
blackberry,,,
blackface,,,
blackfin,,,
blain,,,
blase,,,
blate,,,
bleach,,,
blend,,,
blink,,,
blinky,,,
blooey,,,
bloomery,,,
blowlamp,,,
blubber,,,
bluestem,,,
blunnen,,,
boist,,,
bolography,,,
bombastry,,,
bombonne,,,
bookwise,,,
boondoggle,,,
boree,,,
borh,,,
botryomycoma,,,
bowenite,,,
bowstave,,,
boxberry,,,
brab,,,
brach,,,
brachycephalize,,,
brachypodine,,,
brainsick,,,
branchia,,,
brave,,,
breadthways,,,
breccia,,,
breck,,,
breechesflower,,,
breeze,,,
breve,,,
bricktimber,,,
bridewell,,,
bridgework,,,
brieve,,,
brightish,,,
brink,,,
brisken,,,
broadwife,,,
bromometry,,,
bronchia,,,
brushet,,,
bubby,,,
buckberry,,,
budgeree,,,
bulbomedullary,,,
bullpoll,,,
bunchberry,,,
bureaucratism,,,
burggrave,,,
burglarize,,,
burgrave,,,
burnt,,,
butadiyne,,,
butterless,,,
buttonweed,,,
byspell,,,
caballer,,,
caboceer,,,
cacodaemoniac,,,
cacodemoniac,,,
cacodontia,,,
cacogeusia,,,
cacophonize,,,
cadaverize,,,
cadre,,,
caffeol,,,
caggy,,,
cake,,,
calaber,,,
calambour,,,
calamitoid,,,
calcareousness,,,
calcicole,,,
calciphilia,,,
caliciform,,,
caliph,,,
callose,,,
calorifier,,,
calorimetry,,,
calotermitid,,,
calve,,,
calvity,,,
calycoid,,,
campward,,,
campylotropal,,,
canaliculus,,,
cancerophobia,,,
cancroid,,,
canelike,,,
canephroi,,,
canjac,,,
canonicate,,,
canonist,,,
cantaloupe,,,
capeskin,,,
capicha,,,
caprimulgine,,,
carabin,,,
carbohydrazide,,,
carbona,,,
carbonify,,,
carbonyl,,,
carcake,,,
cardiodynia,,,
carest,,,
cargoose,,,
carina,,,
carnalize,,,
carnotite,,,
carouse,,,
carpetweed,,,
carpogenic,,,
carposporangia,,,
carriwitchet,,,
carry,,,
cartilaginoid,,,
cartography,,,
carve,,,
caryopsides,,,
casave,,,
caseose,,,
castanean,,,
castellano,,,
castlewise,,,
casuistry,,,
caswellite,,,
catabasis,,,
catachresis,,,
cataclysmist,,,
catallum,,,
catalyzator,,,
catamenia,,,
catastrophism,,,
catechumenism,,,
cathedraticum,,,
catholicize,,,
caudicle,,,
cauliculus,,,
causticiser,,,
cave,,,
cavernoma,,,
cavie,,,
caxon,,,
ceilometer,,,
celeomorph,,,
cellose,,,
cellulicidal,,,
cellulitis,,,
cellulose,,,
cellulotoxic,,,
celtuce,,,
cementite,,,
cenaculum,,,
cenobitism,,,
cenospecific,,,
center,,,
centriffed,,,
centrosome,,,
centuria,,,
cephalodynia,,,
cequi,,,
ceramidium,,,
cerasein,,,
ceraunogram,,,
cerebrose,,,
certainty,,,
certitude,,,
ceruminal,,,
cetacean,,,
chaffweed,,,
chamfer,,,
champagnize,,,
champleve,,,
chancroidal,,,
channer,,,
chao,,,
charbon,,,
chatelain,,,
chayote,,,
checkerwise,,,
checkmate,,,
cheep,,,
chelide,,,
chemotaxis,,,
chemotherapist,,,
chenille,,,
cherubim,,,
chesstree,,,
chew,,,
chewink,,,
chickaree,,,
chiefest,,,
chinband,,,
chinky,,,
chirinola,,,
chirper,,,
chivalric,,,
chlorinize,,,
chlorochromic,,,
chlorophyllose,,,
choanoid,,,
cholerrhagia,,,
cholesteatoma,,,
chondrarsenite,,,
chondromalacia,,,
choose,,,
chorography,,,
chresmology,,,
chrimsel,,,
chromatid,,,
chromophilic,,,
chromyl,,,
chronodeik,,,
chronogrammatist,,,
chronography,,,
chronometry,,,
chullpa,,,
churchway,,,
chylify,,,
chylopoiesis,,,
chymic,,,
chytridiose,,,
cilia,,,
cinchotoxine,,,
cinematize,,,
cinematographist,,,
cinenchyma,,,
cineplasty,,,
cinereal,,,
cinnamenyl,,,
circumferentor,,,
circumtabular,,,
cirsotome,,,
clad,,,
cladose,,,
claiver,,,
clambake,,,
clammyweed,,,
clandestine,,,
clangor,,,
classfellow,,,
classicalize,,,
clave,,,
cleach,,,
cleanup,,,
clearstarch,,,
cleave,,,
cleaverwort,,,
cleistocarp,,,
clericalize,,,
clerid,,,
climacus,,,
climatotherapy,,,
clinamina,,,
clinanthia,,,
clipse,,,
cloamer,,,
clodhead,,,
clote,,,
clothesbag,,,
cloudy,,,
cnidophore,,,
coadunative,,,
coagulose,,,
coalrake,,,
coalyard,,,
coaster,,,
coastside,,,
coastwise,,,
coaxer,,,
coccothraustine,,,
coccygeus,,,
cocitizen,,,
cockweed,,,
codicil,,,
codshead,,,
coendear,,,
coenenchymal,,,
coenospecific,,,
coenzyme,,,
coextend,,,
coffeecake,,,
cogitate,,,
cogitation,,,
coglorify,,,
cogon,,,
cohusband,,,
cointerest,,,
coleplant,,,
colilysin,,,
collect,,,
collinear,,,
colloquia,,,
colloquialize,,,
collyba,,,
collywest,,,
colmar,,,
colongitude,,,
colonopexy,,,
colopexy,,,
colorimeter,,,
colorimetrist,,,
colortype,,,
columbier,,,
come,,,
comedo,,,
commend,,,
commentatorship,,,
comminuate,,,
commiseration,,,
commissionaire,,,
commutative,,,
comparative,,,
compare,,,
complain,,,
completive,,,
compositor,,,
comprest,,,
compulsive,,,
concave,,,
concertinist,,,
conclave,,,
concordat,,,
concretize,,,
concubitant,,,
condescend,,,
conditionalize,,,
conditionate,,,
condonative,,,
conessine,,,
conferee,,,
confesser,,,
configurationism,,,
confusion,,,
conidia,,,
conject,,,
conky,,,
connotative,,,
consanguinean,,,
consensus,,,
conservatist,,,
consider,,,
consimilate,,,
consol,,,
consonate,,,
conspecific,,,
consuetude,,,
contemplation,,,
conter,,,
continuate,,,
continue,,,
contraoctave,,,
contrapunto,,,
contratenor,,,
controvertist,,,
conumerary,,,
convene,,,
conventicle,,,
conventionize,,,
converge,,,
convivialize,,,
convocationist,,,
coolweed,,,
copalcocote,,,
copesmate,,,
copist,,,
copulative,,,
cordiform,,,
cornberry,,,
cornbird,,,
cornerwise,,,
cornu,,,
cornwallite,,,
corozo,,,
corporeity,,,
correct,,,
correctitude,,,
corroborative,,,
cortex,,,
corticate,,,
corticose,,,
corymbose,,,
cosmographist,,,
cosmorama,,,
cosmoscope,,,
cospecific,,,
cosustain,,,
cotemporanean,,,
coterie,,,
cothurn,,,
cottagey,,,
coude,,,
counderstand,,,
counterextend,,,
counterplay,,,
countersun,,,
countertree,,,
counterwave,,,
courtzilite,,,
coutelle,,,
cove,,,
covisit,,,
cowbind,,,
cowlike,,,
craber,,,
crackhemp,,,
cracknel,,,
craglike,,,
crake,,,
crap,,,
crapshooter,,,
craspedal,,,
crate,,,
crave,,,
crawdad,,,
creamcake,,,
creem,,,
cremocarp,,,
creophagist,,,
creosote,,,
crin,,,
crinose,,,
criteriology,,,
croceine,,,
crossrow,,,
crossweb,,,
crottle,,,
crucethouse,,,
cruisken,,,
crumby,,,
crunchy,,,
cryogeny,,,
cryptographist,,,
crystallite,,,
crystallography,,,
cubitocarpal,,,
cudbear,,,
cueca,,,
cuisten,,,
culilawan,,,
culm,,,
cultist,,,
cultivar,,,
cumacean,,,
cumhal,,,
cumin,,,
cump,,,
cumuliform,,,
cumulose,,,
cupidon,,,
cuprotungstite,,,
cupseed,,,
curiology,,,
curioso,,,
curlicue,,,
curmudgeon,,,
currentness,,,
cursive,,,
cururo,,,
cutocellulose,,,
cyanophycean,,,
cyanoplatinite,,,
cyclamin,,,
cyclonist,,,
cyclopteroid,,,
cyclothymiac,,,
cymose,,,
cynegild,,,
cynomorphic,,,
cystidean,,,
cystose,,,
cytoblastemal,,,
cytogeneticist,,,
cytopathology,,,
cytophysiology,,,
daggle,,,
daimiate,,,
Damnonii,,,
dapifer,,,
daresay,,,
darnex,,,
dartrose,,,
dayshine,,,
deathwatch,,,
deave,,,
decadarch,,,
deciduoma,,,
decipherer,,,
declericalize,,,
declivate,,,
decurve,,,
deed,,,
deedeed,,,
deem,,,
deerdog,,,
deerherd,,,
defortify,,,
degressive,,,
deheathenize,,,
dehort,,,
deify,,,
delete,,,
demagogism,,,
demidome,,,
demigauntlet,,,
demoniacism,,,
densimetry,,,
dentin,,,
denunciative,,,
deprave,,,
dermatograph,,,
derogator,,,
derringer,,,
descend,,,
despoil,,,
detectaphone,,,
detersive,,,
deuteromyosinose,,,
devadasi,,,
dewflower,,,
dextrinize,,,
dextrosuria,,,
diacoelia,,,
diaderm,,,
diagnosis,,,
diagometer,,,
dialogism,,,
diamagnetism,,,
diambic,,,
diaphanie,,,
diaphtherin,,,
diastem,,,
diathermotherapy,,,
diatomaceoid,,,
diatomist,,,
diaulos,,,
dibs,,,
dichotomize,,,
dichroiscope,,,
dictyoceratine,,,
dietetist,,,
dietine,,,
dietotherapy,,,
difficultness,,,
diffractive,,,
diguanide,,,
diiamb,,,
dikegrave,,,
dimpsy,,,
dinghy,,,
dinornithine,,,
dioptrometer,,,
dioscorine,,,
diphtheritis,,,
diplocephaly,,,
diplomatism,,,
diplonema,,,
dipteros,,,
directrix,,,
dirtbird,,,
disbelieve,,,
discommend,,,
discomorula,,,
discontinuor,,,
discursive,,,
disenslave,,,
disenvelop,,,
dishwatery,,,
disjointure,,,
dismiss,,,
dispark,,,
dispermic,,,
dispersive,,,
dispopularize,,,
dispose,,,
disrespect,,,
dissuasive,,,
dissymmetry,,,
distain,,,
distrain,,,
distributive,,,
distune,,,
disturn,,,
diswarren,,,
diverse,,,
do,,,
doghead,,,
dolesome,,,
dolichocephalize,,,
domain,,,
dome,,,
domesticize,,,
dominate,,,
doorweed,,,
doree,,,
dorsel,,,
dorsodynia,,,
doundake,,,
douzieme,,,
dowd,,,
downstate,,,
downweed,,,
doxologize,,,
drake,,,
dramaticule,,,
draughtsman,,,
drawfile,,,
drawshave,,,
drawtube,,,
drear,,,
dreg,,,
driftweed,,,
drivehead,,,
drugger,,,
dryopithecid,,,
dude,,,
dunite,,,
duodena,,,
dustfall,,,
dustproof,,,
dykereeve,,,
dynagraph,,,
dynamis,,,
dyschroa,,,
dyslogy,,,
dysnomy,,,
earcockle,,,
earlap,,,
earpick,,,
earthwork,,,
eave,,,
ebullioscope,,,
eburneoid,,,
ecclesiasticism,,,
echinoderm,,,
echinopsine,,,
echo,,,
eciliate,,,
eclecticism,,,
eclectism,,,
economism,,,
ecospecific,,,
ecstaticize,,,
ectadenia,,,
ectolecithal,,,
ectosteal,,,
ecyphellate,,,
edeoscopy,,,
edge,,,
edgeweed,,,
edicule,,,
educe,,,
eeriness,,,
effectualize,,,
effeminate,,,
effusive,,,
egad,,,
eggberry,,,
egger,,,
egipto,,,
eglantine,,,
egoize,,,
egotize,,,
eightfoil,,,
eightieth,,,
ejective,,,
elaeosaccharum,,,
elasticize,,,
elastomer,,,
electorate,,,
electralize,,,
electricize,,,
electrobath,,,
electrodialyze,,,
electrodynamism,,,
electroengrave,,,
electrolier,,,
electromagnetism,,,
electrometry,,,
electronegative,,,
electroosmosis,,,
electroplate,,,
electropoion,,,
electrosteel,,,
electrotechnology,,,
electrotherapeutist,,,
electrothermometer,,,
electrotonize,,,
electrotrephine,,,
elegant,,,
elementalize,,,
elenchi,,,
elenchize,,,
elephantoid,,,
elevon,,,
elkhorn,,,
ellipsoid,,,
ellwand,,,
eloge,,,
elsehow,,,
elsewhen,,,
elusive,,,
elytrotomy,,,
emarginate,,,
embryon,,,
emend,,,
emetine,,,
emit,,,
emmetropy,,,
empathize,,,
emphysema,,,
empiriocritcism,,,
emprosthotonus,,,
emulative,,,
enamel,,,
enantiomorphy,,,
enarbor,,,
enarthrodia,,,
enbrave,,,
encarnalize,,,
encave,,,
encell,,,
encephaloscopy,,,
enchondroma,,,
enclave,,,
encloak,,,
encolden,,,
encroach,,,
encurtain,,,
encyclopedism,,,
endarchy,,,
endbrain,,,
enderon,,,
endobronchitis,,,
endoderm,,,
endogamic,,,
endogeny,,,
endoplasma,,,
endoscopy,,,
endwise,,,
energumenon,,,
enfork,,,
enfree,,,
engastrimyth,,,
engjateigur,,,
engraphy,,,
engrave,,,
enhaunt,,,
enhearten,,,
enhusk,,,
enneahedron,,,
enoil,,,
enow,,,
enrich,,,
ensand,,,
enseem,,,
enshawl,,,
enslave,,,
ensorcelize,,,
enstate,,,
entelodont,,,
enteroepiplocele,,,
enterohydrocele,,,
enteromegaly,,,
enterozoic,,,
entertain,,,
entocele,,,
entocondyloid,,,
entocornea,,,
entoderm,,,
entomotomist,,,
entoptoscope,,,
entrain,,,
entrepreneur,,,
enunciative,,,
environmentalist,,,
envisage,,,
epha,,,
ephedrine,,,
ephidrosis,,,
epicalyx,,,
epicarp,,,
epicede,,,
epichordal,,,
epidermidalization,,,
epiglottitis,,,
epigrammatism,,,
epigraphist,,,
epigyne,,,
epileptiform,,,
epinephrine,,,
epiphora,,,
epiphylline,,,
epiphytism,,,
epiplocele,,,
epiplopexy,,,
episcopate,,,
epithalamia,,,
epithelia,,,
epitrochlear,,,
epochal,,,
eponymize,,,
epos,,,
equationism,,,
equerry,,,
equidistribution,,,
equilibria,,,
equinate,,,
equinovarus,,,
equinus,,,
equitist,,,
equivalve,,,
erect,,,
erenow,,,
erg,,,
ergatandromorphic,,,
ergatocracy,,,
ericetal,,,
eros,,,
erose,,,
eroticism,,,
ersatz,,,
erucin,,,
erudite,,,
erysipelatoid,,,
erythrin,,,
erythrolein,,,
erythrose,,,
erythrozyme,,,
escalate,,,
escritoire,,,
esophagomalacia,,,
esophagorrhagia,,,
esotericism,,,
esoterism,,,
espave,,,
esponton,,,
esquamate,,,
essay,,,
essentialize,,,
esteem,,,
ethanedithiol,,,
ethmyphitis,,,
ethnicism,,,
ethnogeography,,,
ethnographist,,,
ethnotechnography,,,
ethopoeia,,,
ethoxycaffeine,,,
etiologist,,,
etym,,,
eu,,,
eucaine,,,
eucatropine,,,
eudaemonism,,,
eudaemonize,,,
eudiometry,,,
euge,,,
eugenicist,,,
euhemerize,,,
eumenorrhea,,,
euphemism,,,
euphemize,,,
euphonia,,,
euphuize,,,
euploid,,,
eurylaimoid,,,
eurythmy,,,
eutexia,,,
euthenist,,,
eutropic,,,
evangelistship,,,
evaporize,,,
eventualize,,,
everywhither,,,
eveweed,,,
evidentness,,,
evocative,,,
exactitude,,,
exalate,,,
excave,,,
excelsitude,,,
exclusionist,,,
excretion,,,
execrative,,,
executrix,,,
exegetist,,,
exencephalic,,,
exeunt,,,
exflect,,,
exhibitor,,,
exhortative,,,
exindusiate,,,
exist,,,
exodos,,,
exomphalos,,,
exon,,,
exorbitant,,,
exosmic,,,
exotericism,,,
expatiate,,,
expect,,,
expectant,,,
expecter,,,
expedientist,,,
expend,,,
expire,,,
explanative,,,
explicative,,,
exploitationist,,,
exponentiation,,,
expose,,,
exquisite,,,
exsanguine,,,
extensive,,,
externate,,,
exterritorialize,,,
extirpationist,,,
extort,,,
extraburghal,,,
extraclassroom,,,
extricate,,,
exuberant,,,
exultant,,,
eyeblink,,,
eyedrop,,,
eyereach,,,
eyesalve,,,
eyestalk,,,
eyewear,,,
faciend,,,
facile,,,
factitude,,,
factrix,,,
faint,,,
fairkeeper,,,
fake,,,
falchion,,,
familia,,,
faradomuscular,,,
farcetta,,,
farewell,,,
farina,,,
farinose,,,
farl,,,
farrand,,,
fatalize,,,
fatty,,,
fatuoid,,,
faucet,,,
favose,,,
favositoid,,,
fawn,,,
feaberry,,,
fecundize,,,
feed,,,
felsite,,,
femalize,,,
feminate,,,
feminie,,,
fenland,,,
feower,,,
feria,,,
ferrotungsten,,,
ferruginean,,,
feverberry,,,
fevertwitch,,,
fey,,,
fibroadenia,,,
fibromyoma,,,
fidicula,,,
fiducia,,,
fie,,,
filace,,,
filamentose,,,
filao,,,
filicologist,,,
fillowite,,,
filo,,,
filter,,,
finalize,,,
find,,,
fink,,,
firedrake,,,
fireflower,,,
fisheye,,,
fishweed,,,
fitchew,,,
fivescore,,,
flagrant,,,
flagstick,,,
flamenco,,,
flancard,,,
flanque,,,
flashpan,,,
flatweed,,,
flatwork,,,
flaxtail,,,
fleer,,,
fleetness,,,
fleshlike,,,
flex,,,
flippant,,,
floccipend,,,
floridean,,,
floristry,,,
floss,,,
fluffer,,,
fluidal,,,
fluoroborate,,,
fluotantalate,,,
fluviose,,,
fluxweed,,,
flyback,,,
foamflower,,,
focometry,,,
fogscoffer,,,
folie,,,
foliobranchiate,,,
foliot,,,
follow,,,
font,,,
footle,,,
footscald,,,
footstalk,,,
footwalk,,,
foozle,,,
forebitten,,,
forebowline,,,
forecondemn,,,
foregate,,,
forenote,,,
forepart,,,
foresee,,,
foreseer,,,
foresleeve,,,
foretell,,,
foretrysail,,,
foreyear,,,
forgainst,,,
formaldehydesulphoxylate,,,
forthtell,,,
fortieth,,,
fortitude,,,
fortuitist,,,
fortunate,,,
forweend,,,
fostell,,,
foughty,,,
foveola,,,
fragrant,,,
franchisal,,,
fremd,,,
fretwise,,,
frithsoken,,,
frivolize,,,
frolicsome,,,
frontwise,,,
frow,,,
fructify,,,
fruticose,,,
fuchsinophil,,,
fucinita,,,
fuffy,,,
fugal,,,
fugle,,,
fulgurite,,,
fulyie,,,
functionalize,,,
funnelwise,,,
fur,,,
furioso,,,
fusain,,,
fuscohyaline,,,
fussify,,,
fustin,,,
futilize,,,
futurize,,,
fuzzball,,,
gain,,,
gainsay,,,
gallweed,,,
galumph,,,
galvanism,,,
galvanometry,,,
gamasid,,,
gametocyst,,,
gamostelic,,,
ganam,,,
gantry,,,
gapeseed,,,
garnett,,,
garter,,,
gastrocele,,,
gateway,,,
gayyou,,,
gelatinify,,,
gemmative,,,
gemmiparity,,,
gena,,,
geneticism,,,
genetmoil,,,
genevoise,,,
genitival,,,
genotype,,,
genson,,,
genthite,,,
gentisein,,,
genua,,,
geoblast,,,
geocentricism,,,
geodic,,,
geographize,,,
geomagnetist,,,
geophagist,,,
geophyte,,,
geopony,,,
germfree,,,
germinative,,,
gerontoxon,,,
gersdorffite,,,
gesith,,,
gesticulative,,,
get,,,
ghatti,,,
gheleem,,,
ghetto,,,
gibberose,,,
gibbon,,,
giddify,,,
giddybrain,,,
gigmanism,,,
gingerbread,,,
ginnery,,,
give,,,
glaive,,,
glamorize,,,
gland,,,
glandes,,,
glaucophanize,,,
gliadin,,,
glisten,,,
globate,,,
globosphaerite,,,
globulose,,,
glochid,,,
glossolalist,,,
glucosin,,,
glume,,,
glump,,,
gluten,,,
glutenin,,,
glutose,,,
gluttonize,,,
glycose,,,
gnash,,,
gnathonize,,,
go,,,
goave,,,
goglet,,,
goldin,,,
golfer,,,
gommelin,,,
gonidia,,,
goniometry,,,
goniostat,,,
goofer,,,
gooma,,,
goosebird,,,
gordiacean,,,
gorgonacean,,,
gorgoniacean,,,
gospodar,,,
gossan,,,
gouaree,,,
goutify,,,
gozell,,,
graben,,,
gracioso,,,
graisse,,,
grame,,,
grandfer,,,
grandiose,,,
grantee,,,
granulose,,,
graperoot,,,
gravamina,,,
grave,,,
graveyard,,,
gravimetry,,,
greave,,,
grebe,,,
gree,,,
greisen,,,
grieve,,,
grignet,,,
grist,,,
gritstone,,,
groatsworth,,,
grope,,,
grosbeak,,,
grough,,,
groundsel,,,
grousy,,,
grovy,,,
grubstake,,,
gruesome,,,
gruffy,,,
grummet,,,
grumose,,,
gryde,,,
guavina,,,
gudesire,,,
gulfweed,,,
gulp,,,
gunpowder,,,
gymnemic,,,
gymnogen,,,
gyniatry,,,
gynobase,,,
gypsoplast,,,
gypsyry,,,
gyrose,,,
gyrowheel,,,
habille,,,
habitude,,,
hagioscope,,,
hainberry,,,
hairband,,,
halogenoid,,,
halse,,,
halve,,,
hamartiologist,,,
hamose,,,
handout,,,
hansgrave,,,
haptophoric,,,
harasser,,,
hariolate,,,
harpist,,,
haruspicy,,,
hastilude,,,
hastingsite,,,
have,,,
havercake,,,
haversack,,,
headlongwise,,,
heapstead,,,
hearsay,,,
heartscald,,,
heave,,,
hebetude,,,
hecatontome,,,
hectocotyle,,,
hedonism,,,
hedonology,,,
hegumene,,,
helichryse,,,
heliocentricism,,,
heliochrome,,,
heliometry,,,
heliophobic,,,
helodermatoid,,,
heloe,,,
hemamoeba,,,
hematachometer,,,
hematodynamometer,,,
hemera,,,
hemialgia,,,
hemicardia,,,
hemiglyph,,,
hemiope,,,
hemiteria,,,
hemotherapy,,,
hempen,,,
henchboy,,,
hencote,,,
hend,,,
heptasemic,,,
herby,,,
hereinabove,,,
hermeneutist,,,
hest,,,
heterocercy,,,
heterochthon,,,
heterodoxy,,,
heterodyne,,,
heterogamic,,,
heterogenist,,,
heteromeric,,,
heteroproteose,,,
heterostrophic,,,
heterozygote,,,
hexacanth,,,
hexandric,,,
hexasemic,,,
heyday,,,
hierarchism,,,
hieraticism,,,
hieroscopy,,,
highbinder,,,
hindbrain,,,
hingle,,,
hippiatrist,,,
hirsutism,,,
hispidulate,,,
histomorphology,,,
historicus,,,
histrionicism,,,
hobbyism,,,
hoecake,,,
hold,,,
holewort,,,
holiday,,,
holl,,,
holobaptist,,,
homiliarium,,,
homilize,,,
homogeneize,,,
homologoumena,,,
homoperiodic,,,
homozygote,,,
honeybind,,,
honorarium,,,
hookheal,,,
hoppet,,,
horologiography,,,
horsiness,,,
hungrify,,,
hunky,,,
hurdis,,,
hureaulite,,,
hyalomucoid,,,
hydrazoic,,,
hydrocellulose,,,
hydrodynamometer,,,
hydrography,,,
hydrol,,,
hydromedusa,,,
hydrophiloid,,,
hydroponist,,,
hydropsy,,,
hydrotherapy,,,
hydurilate,,,
hygieist,,,
hygroma,,,
hygrometry,,,
hygrostomia,,,
hylopathy,,,
hymenean,,,
hymenomycetoid,,,
hymenopteron,,,
hyperbaton,,,
hyperextend,,,
hyperpiesia,,,
hypinosis,,,
hypnotism,,,
hypochondriacism,,,
hypocrize,,,
hypodermatoclysis,,,
hyponymic,,,
hypophloeodic,,,
hypophoria,,,
hypophysis,,,
hypotenuse,,,
hypothesis,,,
hypothetist,,,
hypovanadic,,,
hypsobathymetric,,,
hysteralgic,,,
hysteriform,,,
i,,,
iba,,,
ibid,,,
iceblink,,,
ichnography,,,
ichor,,,
ichthyophagize,,,
iconometry,,,
icteroid,,,
idgah,,,
idiomorphism,,,
idyllicism,,,
ignavia,,,
ignify,,,
ignite,,,
illaborate,,,
illiberalize,,,
imaginist,,,
imbower,,,
immateriate,,,
immediacy,,,
immense,,,
immix,,,
immutilate,,,
impaint,,,
impeticos,,,
impinguate,,,
implate,,,
implume,,,
importation,,,
impostrix,,,
impresser,,,
imprest,,,
improbabilize,,,
impugn,,,
inantherate,,,
incapsulate,,,
incubi,,,
incudomalleal,,,
incur,,,
indeedy,,,
indicate,,,
indicia,,,
indigena,,,
indophenin,,,
inembryonate,,,
inexplicit,,,
inexpressive,,,
infand,,,
infantine,,,
infeed,,,
inferiorize,,,
infernalize,,,
infinitieth,,,
infortiate,,,
ingenerate,,,
ingluviitis,,,
inguen,,,
inherit,,,
inkberry,,,
inkwell,,,
inmixture,,,
inner,,,
innominata,,,
inofficiosity,,,
inotropic,,,
inpour,,,
inquest,,,
inquisitorialness,,,
insalivate,,,
insee,,,
inshave,,,
insomniac,,,
insorb,,,
insularize,,,
intelligentsia,,,
intend,,,
interacinar,,,
intercoxal,,,
interdepend,,,
interdrink,,,
intergrave,,,
interinvolve,,,
interiorize,,,
interleave,,,
interosseal,,,
interpave,,,
interpour,,,
interrace,,,
interrun,,,
intershade,,,
interspeaker,,,
intertribal,,,
intertrude,,,
interurban,,,
intervolve,,,
interweave,,,
interworld,,,
interworry,,,
intraoctave,,,
intrenchant,,,
intricate,,,
introductor,,,
inveigh,,,
inverisimilitude,,,
invertend,,,
inveterate,,,
invictive,,,
involucel,,,
involve,,,
inweave,,,
irenicism,,,
irenicum,,,
iridectomize,,,
iridesce,,,
irksome,,,
ironsmith,,,
irregularize,,,
irreligionize,,,
irrorate,,,
isagon,,,
ischemia,,,
isidioid,,,
isocarpic,,,
isochrone,,,
isoeugenol,,,
isography,,,
isopilocarpine,,,
isorhamnose,,,
isoscope,,,
italite,,,
itamalate,,,
itch,,,
itchweed,,,
ivyberry,,,
jabia,,,
jako,,,
jeewhillikens,,,
jerry,,,
jigget,,,
jinn,,,
jittery,,,
judiciary,,,
karyology,,,
keeve,,,
kelpware,,,
kend,,,
kenogeny,,,
keratinose,,,
keratogenic,,,
keratoglossus,,,
keratoscope,,,
keratoscopy,,,
kerogen,,,
keynote,,,
khedivate,,,
kickshaw,,,
kilometer,,,
kinematograph,,,
kinesimeter,,,
kinetochore,,,
kitchenware,,,
kittiwake,,,
klendusive,,,
kleptomanist,,,
knead,,,
knickknack,,,
knobstick,,,
know,,,
koklass,,,
lachrymose,,,
lackland,,,
lactinate,,,
lactoscope,,,
ladify,,,
lagend,,,
lagopode,,,
lake,,,
laminose,,,
lampflower,,,
lampstand,,,
lanate,,,
landblink,,,
landgrave,,,
landreeve,,,
landwhin,,,
lanuginose,,,
lapideon,,,
lapidose,,,
laryngostroboscope,,,
lasa,,,
latera,,,
laticlave,,,
lattener,,,
lave,,,
lazyship,,,
leave,,,
lectorate,,,
leechkin,,,
leer,,,
leg,,,
legerdemain,,,
legislator,,,
legumin,,,
leiomyoma,,,
leiotrichine,,,
lend,,,
lengthwise,,,
lenitude,,,
lennow,,,
lentitude,,,
leprosy,,,
leptomeningitis,,,
lethalize,,,
leucaniline,,,
leucotoxic,,,
levy,,,
lexigraphy,,,
libidinosity,,,
lichen,,,
lichenist,,,
lieve,,,
ligninsulphonate,,,
likewise,,,
limbic,,,
limequat,,,
limitative,,,
linearize,,,
lingualize,,,
linguistry,,,
linksmith,,,
liquate,,,
liquidize,,,
lirelline,,,
lithograph,,,
lithographize,,,
lithophyl,,,
lithotomize,,,
lithotypy,,,
loach,,,
loave,,,
lobulose,,,
locomote,,,
logography,,,
logopedia,,,
lollipop,,,
longipennate,,,
longitude,,,
longwise,,,
lophiostomate,,,
lorum,,,
loud,,,
lousewort,,,
louty,,,
lowbell,,,
loxodromism,,,
lozengewise,,,
luciferoid,,,
lumber,,,
luminaire,,,
luxuriant,,,
lycanthropize,,,
lymphangiitis,,,
macaronicism,,,
mackintosh,,,
macrochemistry,,,
macrocosm,,,
macrocrystalline,,,
macropia,,,
macropodine,,,
macroseism,,,
macruroid,,,
maculicole,,,
magirist,,,
magistrand,,,
magnesia,,,
magnetometry,,,
magnetophone,,,
magnicaudate,,,
maholtine,,,
maigre,,,
mainsail,,,
make,,,
malapaho,,,
malicho,,,
malignify,,,
malodorant,,,
mandrake,,,
mannersome,,,
manor,,,
manteltree,,,
mantevil,,,
manus,,,
manweed,,,
manyberry,,,
manyroot,,,
manywise,,,
marc,,,
margarita,,,
marginalize,,,
mariengroschen,,,
marinist,,,
marketstead,,,
marmit,,,
marshman,,,
massageuse,,,
mastermind,,,
mathematize,,,
matipo,,,
matronize,,,
maxillary,,,
maximate,,,
measlesproof,,,
meaty,,,
mechanism,,,
mechanotherapist,,,
medimnus,,,
medusan,,,
meek,,,
meeter,,,
megadyne,,,
megalocephalic,,,
megalopsia,,,
megascope,,,
megaseism,,,
meharist,,,
melatope,,,
melene,,,
meliceris,,,
melitose,,,
melituric,,,
mellophone,,,
melodramatist,,,
melotrope,,,
membranate,,,
membranelle,,,
meningic,,,
menthenol,,,
mercapto,,,
merocele,,,
merry,,,
mesatipelvic,,,
mesem,,,
mesendoderm,,,
mesenteriform,,,
mesiad,,,
mesmerism,,,
mesoappendix,,,
mesocarp,,,
mesotrochal,,,
mesoxalate,,,
metadiscoidal,,,
metaformaldehyde,,,
metaler,,,
metallurgist,,,
metaphysicize,,,
metapophyseal,,,
metapsychist,,,
metathesis,,,
metempiricism,,,
meteorism,,,
meteorize,,,
methenamine,,,
methiodide,,,
methylpropane,,,
metoxazine,,,
metria,,,
miaskite,,,
miasmatize,,,
mica,,,
miconcave,,,
microchemistry,,,
microcosmus,,,
micromelia,,,
micromesentery,,,
micrometry,,,
micronuclear,,,
microphonograph,,,
microphysiography,,,
microspectroscope,,,
microtome,,,
microwave,,,
midspace,,,
milha,,,
millioctave,,,
millionth,,,
milvine,,,
mimetism,,,
minhah,,,
minim,,,
mink,,,
minuend,,,
minutiae,,,
mirach,,,
misanthropism,,,
misattend,,,
misbehave,,,
misbelieve,,,
misbrand,,,
misengrave,,,
misexpend,,,
misgrave,,,
misohellene,,,
misqualify,,,
miss,,,
missay,,,
misseem,,,
misstay,,,
mist,,,
mitochondria,,,
mitrer,,,
mnemotechnist,,,
moderate,,,
modicum,,,
moiley,,,
mojarra,,,
mollipilose,,,
mollitude,,,
molybdenic,,,
monadiform,,,
monarchism,,,
monition,,,
monocentroid,,,
monochromist,,,
monodize,,,
monolatrist,,,
monoline,,,
monopolylogist,,,
monopteros,,,
monopylean,,,
monose,,,
monostelic,,,
monostich,,,
monosymmetry,,,
monotonize,,,
moolum,,,
moonblink,,,
moonwort,,,
morbidize,,,
morbify,,,
morfrey,,,
moroxite,,,
morphinate,,,
morphophyly,,,
morphotropy,,,
mortalize,,,
mosaicism,,,
motacilline,,,
mouls,,,
mucinoid,,,
muckrake,,,
mucocellulose,,,
muffineer,,,
mulley,,,
multiseriate,,,
multitude,,,
mumpsimus,,,
munj,,,
murk,,,
muscularize,,,
musculin,,,
mushroomic,,,
musterer,,,
mustify,,,
mutationism,,,
mycelia,,,
mycodermatoid,,,
myodynamiometer,,,
myopia,,,
myopy,,,
myosarcoma,,,
myrioscope,,,
mysell,,,
mysticize,,,
myxedematoid,,,
myzostomidan,,,
nael,,,
nake,,,
natant,,,
nautiform,,,
necropolis,,,
neebour,,,
needham,,,
neem,,,
neepour,,,
nemophilist,,,
nephelometry,,,
neurosis,,,
neuroticism,,,
neve,,,
neverland,,,
newsstand,,,
newtake,,,
nieve,,,
nigritude,,,
nitryl,,,
njave,,,
nocake,,,
nolo,,,
nomogenist,,,
nonaculeate,,,
nonanswer,,,
nonespionage,,,
nonquota,,,
noseburn,,,
nosewheel,,,
notarize,,,
noumenalize,,,
nowhit,,,
nucleofugal,,,
nude,,,
nuptialize,,,
nuque,,,
nutcake,,,
nutcrackery,,,
nutritionist,,,
oasis,,,
oatcake,,,
obdeltoid,,,
obdurate,,,
obeism,,,
obeliskoid,,,
obex,,,
obituarist,,,
objectivize,,,
objurgator,,,
oblivionate,,,
oblivionize,,,
oblongitude,,,
obsecrate,,,
obsession,,,
obstetricy,,,
obtrusionist,,,
obturate,,,
occlude,,,
oceanwise,,,
ocellicyst,,,
ochreate,,,
ochroid,,,
ocrea,,,
octadecahydrate,,,
octave,,,
octodactyle,,,
octodentate,,,
odontocete,,,
odontognathic,,,
odontolcate,,,
odontophorine,,,
odontoscope,,,
oecus,,,
oestroid,,,
offend,,,
offprint,,,
oftest,,,
ogaire,,,
ogam,,,
ogle,,,
oilberry,,,
oitava,,,
okenite,,,
oleate,,,
olena,,,
oleoptene,,,
oleoresin,,,
oleostearate,,,
olid,,,
oligarchism,,,
oligist,,,
oligochaete,,,
oligolactia,,,
oligophrenia,,,
ombrophobe,,,
omit,,,
omnify,,,
omnimode,,,
omniscope,,,
oneirocriticism,,,
onomatologist,,,
onomatopoeia,,,
onomatopoesis,,,
onomatopy,,,
onset,,,
ontologism,,,
onymize,,,
oogamete,,,
oont,,,
ooscopy,,,
oosporic,,,
opelet,,,
operose,,,
ophiomorphic,,,
ophthalmic,,,
ophthalmomalacia,,,
ophthalmoscope,,,
ophthalmotomy,,,
opiniastre,,,
opiniative,,,
opisthocomine,,,
opisthogyrate,,,
opisthotonus,,,
oppose,,,
oppositeness,,,
opprobriate,,,
optigraph,,,
optime,,,
optionalize,,,
optionor,,,
optomeninx,,,
optotype,,,
oraculate,,,
oratorio,,,
orguinette,,,
originative,,,
oriole,,,
orlet,,,
orlewise,,,
ornamentalize,,,
ornate,,,
orography,,,
orphan,,,
orthoborate,,,
orthodiaene,,,
orthodiazine,,,
orthodontist,,,
orthodoxism,,,
orthodromy,,,
orthopedist,,,
orthophosphate,,,
orthopteron,,,
orthosymmetry,,,
ortiga,,,
oryzenin,,,
oscitant,,,
osculate,,,
osmina,,,
osmogene,,,
osoberry,,,
ossiculum,,,
osteocephaloma,,,
osteofibroma,,,
osteopathist,,,
osteostixis,,,
ostreophagist,,,
otariine,,,
otiatry,,,
otiose,,,
otomycosis,,,
ouabain,,,
ouphe,,,
oust,,,
outarde,,,
outbake,,,
outbargain,,,
outbidder,,,
outbrag,,,
outburn,,,
outcrawl,,,
outdoorsman,,,
outdrink,,,
outdwell,,,
outhaul,,,
outknave,,,
outlearn,,,
outlinear,,,
outmarry,,,
outplan,,,
outpomp,,,
outproduce,,,
outrave,,,
outsay,,,
outscore,,,
outshake,,,
outsharpen,,,
outslink,,,
outswear,,,
outthieve,,,
outthrust,,,
outvote,,,
outwake,,,
outwash,,,
outwave,,,
outweave,,,
ovariotubal,,,
ovenbird,,,
ovenpeel,,,
overabstain,,,
overaccurate,,,
overboast,,,
overbrave,,,
overbrow,,,
overbrutalize,,,
overburthen,,,
overcapitalize,,,
overchlorinate,,,
overcleave,,,
overclose,,,
overcloud,,,
overcommend,,,
overcompliant,,,
overconquer,,,
overconsiderate,,,
overcount,,,
overcreed,,,
overdelicate,,,
overdemand,,,
overdo,,,
overdogmatism,,,
overdrape,,,
overedge,,,
overelaborate,,,
overelegant,,,
overemotionalize,,,
overextend,,,
overfall,,,
overfear,,,
overgenerosity,,,
overglance,,,
overgratification,,,
overgreed,,,
overgrieve,,,
overhasten,,,
overhumanize,,,
overhurl,,,
overimitative,,,
overink,,,
overlave,,,
overleave,,,
overmalapert,,,
overmean,,,
overmourn,,,
overoffend,,,
overplenitude,,,
overprize,,,
overquell,,,
overrake,,,
overrestore,,,
oversave,,,
oversee,,,
oversend,,,
oversensitiveness,,,
overset,,,
overshave,,,
overspend,,,
overswell,,,
oversystematize,,,
overtalk,,,
overteem,,,
overthink,,,
overthwartwise,,,
overtrim,,,
overwake,,,
overwave,,,
overweave,,,
overworry,,,
ovibovine,,,
ovine,,,
owd,,,
owe,,,
owse,,,
oxalate,,,
oxberry,,,
oxbrake,,,
oxycarbonate,,,
oxycholesterol,,,
oxymuriate,,,
oxynitrate,,,
oxyphenyl,,,
oxyphosphate,,,
oxyrhine,,,
oysterseed,,,
oystershell,,,
ozonoscope,,,
ozophene,,,
pachyblepharon,,,
pachycephalic,,,
pachydermia,,,
pachyhaemic,,,
pacifier,,,
pacify,,,
pagina,,,
paladin,,,
palaeobotanist,,,
palch,,,
paleobotanist,,,
palindromist,,,
palladic,,,
palladosammine,,,
palliative,,,
pallidiventrate,,,
pallwise,,,
palmist,,,
palosapis,,,
palpifer,,,
palsgrave,,,
palstave,,,
paludrine,,,
pan,,,
pancration,,,
pancreatalgia,,,
pandect,,,
panderize,,,
pandour,,,
panegyricize,,,
panisic,,,
pansophism,,,
pantameter,,,
pantascope,,,
panthelematism,,,
pantile,,,
pantography,,,
pantomimicry,,,
pantophobic,,,
pantopod,,,
papaphobist,,,
papillote,,,
papistlike,,,
papistry,,,
papyrotamia,,,
parabranchia,,,
parachrome,,,
paradigmatize,,,
paradisal,,,
paragogize,,,
paragraphism,,,
parallelodrome,,,
parallelwise,,,
parapherna,,,
paraphrenia,,,
pararosaniline,,,
parasaboteur,,,
parasceve,,,
parashah,,,
parate,,,
paratoloid,,,
paravaginitis,,,
parchmentize,,,
parenchyme,,,
pareunia,,,
parietal,,,
parishionate,,,
parodize,,,
parodyproof,,,
paronychia,,,
paronymize,,,
parotoid,,,
parsonize,,,
parthenogenitive,,,
paryphodrome,,,
passive,,,
passo,,,
pastoralize,,,
pataco,,,
patesiate,,,
pathematology,,,
pathos,,,
patriarchism,,,
patricide,,,
patriotism,,,
patrist,,,
patrix,,,
patronomatology,,,
pave,,,
peachblossom,,,
pearlstone,,,
peasantize,,,
peastake,,,
pebrine,,,
pectinacean,,,
pectinose,,,
pectoralist,,,
peculiarize,,,
pedagogism,,,
pedesis,,,
pedestrianize,,,
pediatrist,,,
pedicurist,,,
pedigree,,,
pedology,,,
pee,,,
peeve,,,
peisage,,,
pejorate,,,
pellagrose,,,
pelterer,,,
peltigerine,,,
pelvic,,,
pend,,,
penholder,,,
penna,,,
pennatulacean,,,
pentagonohedron,,,
pentameroid,,,
pentecostys,,,
penthiophen,,,
peopledom,,,
peptogenic,,,
perbend,,,
perchromate,,,
pereirine,,,
perfectivize,,,
perfervour,,,
pericarp,,,
perichoroidal,,,
pericycloid,,,
perioecic,,,
peripateticate,,,
periphraxy,,,
periscii,,,
peristaphyline,,,
perithece,,,
peritomize,,,
perjink,,,
perjinkly,,,
pernavigate,,,
perradiate,,,
persiflate,,,
persona,,,
perthosite,,,
perversive,,,
pesa,,,
pessimize,,,
pestilentialness,,,
petaloidal,,,
petechiae,,,
petrography,,,
petropharyngeal,,,
petrostearine,,,
phaenomenon,,,
phaeophycean,,,
phalangette,,,
phantasmagoria,,,
phantasmascope,,,
phantasmatography,,,
pharisee,,,
pharmaceutist,,,
pharmacognosy,,,
pharmacopeia,,,
pharmacopoeia,,,
phasmoid,,,
phenomenology,,,
phenoxazine,,,
phenylglycine,,,
phialine,,,
philanthropinism,,,
philatelism,,,
philozoist,,,
phizog,,,
phlebotome,,,
phlegmatist,,,
phloem,,,
phocacean,,,
phoebe,,,
phoenicopteroid,,,
phoneme,,,
phonendoscope,,,
phoniatry,,,
phonikon,,,
phonogram,,,
phonotypist,,,
phoronomy,,,
phospham,,,
phosphorus,,,
photoceramist,,,
photochemigraphy,,,
photochronography,,,
photodramatist,,,
photodysphoria,,,
photometeor,,,
photophobe,,,
photosynthometer,,,
phototelegraphy,,,
phototherapic,,,
phyletism,,,
phyllome,,,
phyllostomatoid,,,
phyllostomine,,,
phymatoid,,,
physicotherapy,,,
physiognomist,,,
physiography,,,
physiotherapist,,,
physiurgy,,,
physostigmine,,,
phytogeography,,,
phytophil,,,
phytosterol,,,
piaffer,,,
pianola,,,
pichiciago,,,
pickle,,,
pictography,,,
pictoradiogram,,,
pigeontail,,,
pileus,,,
pilgrimize,,,
pilifer,,,
piliganine,,,
pillmaker,,,
pilose,,,
pilotweed,,,
pilpul,,,
pimploe,,,
pinachrome,,,
pinang,,,
pincerweed,,,
pinchcrust,,,
pineland,,,
piney,,,
pinguitude,,,
pink,,,
pinnaglobin,,,
pinnatilobate,,,
pint,,,
pinweed,,,
pisay,,,
piscifauna,,,
piscina,,,
pistilliform,,,
pitchy,,,
pitiless,,,
pivoter,,,
placative,,,
placid,,,
plain,,,
plainer,,,
planate,,,
plancheite,,,
plankwise,,,
plasmodiocarp,,,
plasterboard,,,
plastid,,,
platitude,,,
platycephaloid,,,
platydactyle,,,
platypellic,,,
platysomid,,,
playsome,,,
pleiotaxis,,,
pleiotropism,,,
pleomorphist,,,
plethysmography,,,
pleurenchyma,,,
pleuritis,,,
pleurobranchia,,,
plodder,,,
pluma,,,
plumbean,,,
plumbic,,,
plumose,,,
plumpy,,,
pluriflagellate,,,
plurivalve,,,
plutolatry,,,
pluviometry,,,
pneograph,,,
pneumatism,,,
pneumatoscope,,,
pneumatotherapy,,,
pneumectomy,,,
pneumococcic,,,
pneumoderma,,,
pneumoencephalitis,,,
pneumotherapy,,,
pockhouse,,,
podium,,,
podobranchia,,,
pododynia,,,
poikilotherm,,,
poind,,,
polarography,,,
poleburn,,,
polemarch,,,
polemist,,,
poley,,,
polis,,,
politarch,,,
polyadenoma,,,
polychaete,,,
polychrome,,,
polychromize,,,
polyglottism,,,
polymer,,,
polymerize,,,
polymetochia,,,
polynome,,,
polyoecy,,,
polyphobic,,,
polyphylety,,,
polyphylline,,,
polyphylogeny,,,
polyporoid,,,
polypotome,,,
polypragmatism,,,
polyptote,,,
polyrhizal,,,
polyspermal,,,
polyspermic,,,
polystyle,,,
polysyllabicism,,,
polysymmetry,,,
polysyntheticism,,,
polytechnist,,,
polytheize,,,
pontianak,,,
porogamic,,,
poroscope,,,
portgrave,,,
porthouse,,,
portioner,,,
portreeve,,,
pose,,,
possessive,,,
postcart,,,
posteriad,,,
posteriority,,,
posteriorums,,,
posterize,,,
postremote,,,
postsigmoid,,,
postsphygmic,,,
potassic,,,
potator,,,
potentate,,,
pothead,,,
potlid,,,
potstick,,,
pour,,,
praecuneus,,,
praenomina,,,
pragmatism,,,
preabsorb,,,
preaccommodate,,,
preadequate,,,
preapprove,,,
preaxiad,,,
prebachelor,,,
precative,,,
preclusive,,,
precommend,,,
predegenerate,,,
predisagree,,,
predominate,,,
predwell,,,
prefeast,,,
prefer,,,
prefeudal,,,
prefigurative,,,
prefixion,,,
prefraud,,,
prefrontal,,,
preharden,,,
prehend,,,
prejudicialness,,,
preknow,,,
prelegend,,,
prelim,,,
prelusive,,,
premate,,,
premeditation,,,
prenumber,,,
preoffensive,,,
preparator,,,
prepink,,,
preponderate,,,
prepositor,,,
prepurpose,,,
presay,,,
presell,,,
prestubborn,,,
presuffer,,,
presume,,,
pretannage,,,
preteach,,,
pretelegraph,,,
preterequine,,,
prethrust,,,
prettyface,,,
prevision,,,
prickseam,,,
primateship,,,
primigene,,,
primordia,,,
prionodesmacean,,,
proangiospermic,,,
proattack,,,
probabilize,,,
proboscidean,,,
procaine,,,
procellariine,,,
procello,,,
procuratorate,,,
prodigalize,,,
prodromic,,,
produce,,,
professoriate,,,
profuse,,,
progeny,,,
progymnospermic,,,
prolapse,,,
proliferative,,,
prolify,,,
prologue,,,
promiseproof,,,
promptitude,,,
pronavy,,,
pronuba,,,
proofer,,,
propagandize,,,
proparasceve,,,
propend,,,
propenyl,,,
properitoneal,,,
prophylaxis,,,
proposant,,,
propositionize,,,
proprofit,,,
propulsive,,,
prose,,,
proselytism,,,
proslave,,,
prosogyrate,,,
prosopopoeia,,,
prosthetist,,,
protensive,,,
proteose,,,
proterandry,,,
prothallia,,,
protoderm,,,
protoforaminifer,,,
protogelatose,,,
protogod,,,
protomyosinose,,,
protoneuron,,,
protosyntonose,,,
prototheca,,,
prototypographer,,,
proustite,,,
proverb,,,
proverbize,,,
proxenus,,,
proxeny,,,
proximate,,,
proximo,,,
proxysm,,,
prunell,,,
prunetol,,,
pseudepiscopy,,,
pseudoacaccia,,,
pseudobranchia,,,
pseudochromosome,,,
pseudoconservative,,,
pseudocotyledon,,,
pseudodipteros,,,
pseudogeometry,,,
pseudoglioma,,,
pseudojervine,,,
pseudologist,,,
pseudomilitarist,,,
pseudoparenchyma,,,
pseudoracemic,,,
pseudotachylite,,,
psorosperm,,,
psychid,,,
psychologism,,,
psychometrist,,,
psychonomy,,,
psychophysicist,,,
psychorrhagy,,,
psychosome,,,
psychosurgeon,,,
psychotherapeutist,,,
pterobranchiate,,,
pterygosphenoid,,,
pterygote,,,
ptomain,,,
publicize,,,
pucelle,,,
pucka,,,
pudendal,,,
pugmiller,,,
puku,,,
pulchritude,,,
pulmobranchia,,,
pulpitis,,,
pulviplume,,,
punditry,,,
pungle,,,
purgative,,,
puritano,,,
purl,,,
purolymph,,,
pustulose,,,
pygargus,,,
pygopodine,,,
pyramidate,,,
pyramidia,,,
pyrenocarpic,,,
pyrimidyl,,,
pyrochlore,,,
pyrogallate,,,
pyrograph,,,
pyrometry,,,
pyronyxis,,,
pyroracemate,,,
pyrotechnist,,,
pyrrhotite,,,
pyvuril,,,
pyxidium,,,
Quadratifera,,,
quadricostate,,,
quartersaw,,,
quatch,,,
quatorzain,,,
quave,,,
quegh,,,
question,,,
quinologist,,,
quinometry,,,
quinquenniad,,,
quintain,,,
quixotism,,,
quodlibet,,,
quoin,,,
quondam,,,
rabbinism,,,
rabbitberry,,,
racemule,,,
rackan,,,
radectomy,,,
radiant,,,
radicicola,,,
radioactinium,,,
radiography,,,
radiometric,,,
radiometry,,,
radiomuscular,,,
radiopalmar,,,
radiotherapeutist,,,
radulate,,,
raffle,,,
rageless,,,
ragesome,,,
raggil,,,
rainband,,,
rainbowweed,,,
rakehell,,,
ramify,,,
rampage,,,
rancho,,,
rapturize,,,
rascalize,,,
raspberry,,,
raspite,,,
rata,,,
ratbite,,,
rationalist,,,
rationalisticism,,,
rattlebox,,,
rattleskull,,,
rattlesnake,,,
raugrave,,,
rave,,,
ravel,,,
ravensara,,,
ravisher,,,
reabandon,,,
reachieve,,,
reactive,,,
realest,,,
realisticize,,,
reanswer,,,
reapprehend,,,
reapprove,,,
rearouse,,,
reascend,,,
reassay,,,
reave,,,
reawake,,,
rebait,,,
rebear,,,
rebeck,,,
rebelieve,,,
rebend,,,
rebetake,,,
rebias,,,
rebore,,,
rebuffet,,,
recalk,,,
recarry,,,
receipts,,,
receptionist,,,
rechain,,,
rechew,,,
rechoose,,,
recipiend,,,
recitationist,,,
reclose,,,
recommend,,,
recomprehend,,,
recorder,,,
recreant,,,
recrowd,,,
rectitude,,,
recurve,,,
redarn,,,
redberry,,,
redeflect,,,
redepend,,,
redeserve,,,
redesire,,,
redevelop,,,
redistribute,,,
redivive,,,
redleg,,,
redmouth,,,
redsear,,,
redskin,,,
redundant,,,
reem,,,
reest,,,
reeve,,,
refeel,,,
referendal,,,
reflect,,,
reflective,,,
refractive,,,
regalize,,,
regenerative,,,
reget,,,
reglaze,,,
regmacarp,,,
regrede,,,
regressive,,,
reguli,,,
rehandle,,,
reharvest,,,
rehearten,,,
rehoe,,,
reinspect,,,
reintend,,,
reintroduce,,,
reinvolve,,,
reitbok,,,
reitemize,,,
reknow,,,
relap,,,
relend,,,
relevant,,,
reliberate,,,
relink,,,
relose,,,
reluctate,,,
relume,,,
remarshal,,,
rememberer,,,
remiss,,,
remissive,,,
remonstrate,,,
remote,,,
remunerate,,,
renail,,,
renculus,,,
reneglect,,,
renegue,,,
renet,,,
renewal,,,
reoffend,,,
reparagraph,,,
repercussive,,,
reperuse,,,
replate,,,
reposal,,,
reprefer,,,
reprieve,,,
reprisalist,,,
reptant,,,
reptilelike,,,
repugnant,,,
repugnate,,,
repulsive,,,
request,,,
requisite,,,
requote,,,
reredos,,,
rereeve,,,
rerope,,,
resaca,,,
resay,,,
rescriptive,,,
reseed,,,
resell,,,
resew,,,
reshave,,,
resilifer,,,
resina,,,
resinophore,,,
resinousness,,,
resister,,,
resnap,,,
resolve,,,
resonant,,,
respectabilize,,,
respell,,,
resplend,,,
restitutionist,,,
restorationist,,,
restraighten,,,
restrain,,,
resuffer,,,
resultant,,,
resumption,,,
reswear,,,
retain,,,
reteach,,,
retentive,,,
rethaw,,,
rethink,,,
rethrive,,,
reticulatoramose,,,
retighten,,,
retooth,,,
retractive,,,
retributive,,,
retrieve,,,
retrogradism,,,
retrogressive,,,
retrospective,,,
returfer,,,
reveille,,,
reverend,,,
reversewise,,,
revolunteer,,,
revolve,,,
rewave,,,
rewend,,,
rhagadiform,,,
rhapsodie,,,
rheotome,,,
rhinoceroslike,,,
rhinolaryngology,,,
rhizine,,,
rhizomorphoid,,,
rhizostome,,,
rhizote,,,
rhombogenic,,,
rhubarby,,,
rhynchocoelic,,,
rhythmicize,,,
rhythmist,,,
riband,,,
richterite,,,
rickle,,,
ride,,,
ridgeband,,,
ridgetree,,,
righten,,,
righty,,,
rimulose,,,
ringhead,,,
rink,,,
risberm,,,
ritornelle,,,
riverwash,,,
roadstead,,,
roadweed,,,
roband,,,
rockberry,,,
rockweed,,,
roentgenography,,,
romantist,,,
rombos,,,
romp,,,
rondle,,,
roofer,,,
roomth,,,
roostership,,,
rosacean,,,
rosewise,,,
rosland,,,
rostrate,,,
rotifer,,,
rottenness,,,
rotundifoliate,,,
rougeberry,,,
roundtail,,,
rowboat,,,
rowdydowdy,,,
rubberstone,,,
rubor,,,
rubricize,,,
ruddy,,,
rude,,,
ruefulness,,,
ruficornate,,,
rumenitis,,,
ruminate,,,
runchweed,,,
rupiah,,,
rupicoline,,,
ruse,,,
rusticize,,,
saccharocolloid,,,
saccharorrhea,,,
saccharotriose,,,
saco,,,
saddlenose,,,
sagaciate,,,
saim,,,
sake,,,
salicylize,,,
salinize,,,
sallet,,,
salter,,,
saltpeter,,,
saltwort,,,
salubrify,,,
sandhi,,,
sandust,,,
sanification,,,
santir,,,
sapientize,,,
saprophagan,,,
saprophytism,,,
sarcoid,,,
sarcophagize,,,
sarcotherapy,,,
sardonicism,,,
sartain,,,
saturnize,,,
saunderswood,,,
sauteur,,,
save,,,
saxicoline,,,
say,,,
scab,,,
scabriusculose,,,
scaleproof,,,
scalesman,,,
scallop,,,
scammoniate,,,
scapegoat,,,
scarecrow,,,
scariose,,,
scarn,,,
scenography,,,
schematism,,,
schillerize,,,
schistothorax,,,
schizocarpic,,,
schizostelic,,,
scholaptitude,,,
schoolmaam,,,
schottische,,,
scientism,,,
scientize,,,
scind,,,
scissorsbird,,,
sclerenchyma,,,
sclerodermatitis,,,
scleroprotein,,,
scoleciasis,,,
scoliid,,,
scopate,,,
scorbutize,,,
scoriac,,,
scote,,,
scourweed,,,
scove,,,
scram,,,
scrapy,,,
screeny,,,
screeve,,,
scrieve,,,
scripturalize,,,
scrupulist,,,
scurfer,,,
scurrilize,,,
scutifer,,,
scyphistomoid,,,
scytonematoid,,,
seaquake,,,
seave,,,
seaweed,,,
sebacate,,,
sebate,,,
secalose,,,
sect,,,
see,,,
seedcake,,,
seem,,,
seemer,,,
selictar,,,
seller,,,
sematrope,,,
semiarticulate,,,
semibreve,,,
semicaudate,,,
semichiffon,,,
semiconoidal,,,
semicrome,,,
semigala,,,
semijubilee,,,
seminative,,,
seminude,,,
semiovate,,,
semiperfect,,,
semiporcelain,,,
semisingle,,,
semislave,,,
semitone,,,
semitruth,,,
sempiternize,,,
semuncia,,,
senatrix,,,
senectude,,,
senilize,,,
sensibilisin,,,
sensibilitist,,,
sensify,,,
sensilla,,,
sensoria,,,
sentinellike,,,
septave,,,
septicemia,,,
sequestratrix,,,
serenize,,,
serioline,,,
seromaniac,,,
serosa,,,
serotherapist,,,
serpentlike,,,
serve,,,
servilize,,,
sesterce,,,
setulose,,,
shakescene,,,
shaleman,,,
shallowy,,,
shankpiece,,,
shaw,,,
sheat,,,
sheave,,,
sheepbine,,,
sheldrake,,,
shelffellow,,,
sherry,,,
shiest,,,
shinglewise,,,
shipmate,,,
shipwork,,,
shiverer,,,
shoalbrain,,,
shoddyite,,,
shoreweed,,,
shortcoat,,,
shrave,,,
shreeve,,,
shrink,,,
shudder,,,
shun,,,
sibrede,,,
sicca,,,
sidesaddle,,,
sideway,,,
sieve,,,
sievy,,,
signalist,,,
signalize,,,
signifier,,,
silicidize,,,
silique,,,
silkworm,,,
silverberry,,,
simiad,,,
simkin,,,
sinfonia,,,
singlestick,,,
sinuose,,,
siphon,,,
siphonostele,,,
siphonostome,,,
sirup,,,
sitten,,,
skeet,,,
skeif,,,
skein,,,
skelderdrake,,,
skelgoose,,,
sketch,,,
skewl,,,
skiagraphy,,,
skiff,,,
skim,,,
skimp,,,
skitty,,,
sklate,,,
skywrite,,,
slain,,,
slake,,,
slateyard,,,
slave,,,
sleave,,,
sleep,,,
sleeve,,,
slenderize,,,
slickenside,,,
slipband,,,
slipslop,,,
slithery,,,
slobbery,,,
sloganeer,,,
slopewise,,,
slopseller,,,
slumber,,,
slunge,,,
smallcoal,,,
smaragd,,,
smokehouse,,,
smuse,,,
snafu,,,
snaith,,,
snapsack,,,
sniffer,,,
snow,,,
snowblink,,,
soapless,,,
soberwise,,,
sociologism,,,
socionomy,,,
sodamide,,,
solecism,,,
solecize,,,
solenacean,,,
soli,,,
solicitude,,,
solidarize,,,
solifugid,,,
solotink,,,
somersault,,,
somewhy,,,
somnambulism,,,
somnify,,,
somniloquize,,,
sonship,,,
soothsay,,,
sopor,,,
sornare,,,
sororize,,,
sortilegic,,,
sourberry,,,
sov,,,
sowar,,,
sowl,,,
spancel,,,
spanghew,,,
sparky,,,
spart,,,
sparteine,,,
spathose,,,
spave,,,
spece,,,
specimenize,,,
specklebreast,,,
specksioneer,,,
spectrography,,,
spectrology,,,
spectropolariscope,,,
spectrotelescope,,,
speculate,,,
speculatrix,,,
spend,,,
spermatid,,,
spheniscine,,,
spheriform,,,
spheroidize,,,
sphingid,,,
sphygmia,,,
spiculose,,,
spikewise,,,
spinalis,,,
spindletail,,,
spinifugal,,,
spirivalve,,,
splanchnomegaly,,,
splenculus,,,
splenomegaly,,,
spokeshave,,,
spondyl,,,
spondylotherapist,,,
spongin,,,
spoofer,,,
sporabola,,,
sporidia,,,
sportsman,,,
sprang,,,
springhouse,,,
sprink,,,
spumose,,,
spurrite,,,
squamellate,,,
squamify,,,
squamose,,,
stackstand,,,
staggerweed,,,
stalactitiform,,,
stalky,,,
stand,,,
standelwort,,,
starchwort,,,
starshake,,,
stash,,,
statequake,,,
station,,,
statistology,,,
stauraxonia,,,
stave,,,
staverwort,,,
staysail,,,
steatopygic,,,
steeve,,,
stemmatiform,,,
stemware,,,
stentorine,,,
stercophagic,,,
stereochemistry,,,
stereometry,,,
stereopicture,,,
stereotaxis,,,
steride,,,
sternman,,,
sternworks,,,
stibethyl,,,
stichometry,,,
stickfast,,,
stickseed,,,
stigmaticalness,,,
stimuli,,,
stink,,,
stipiform,,,
stoichiometry,,,
stomatoscope,,,
stoneroot,,,
stouten,,,
straddlewise,,,
strae,,,
straighthead,,,
straightway,,,
strangletare,,,
strategist,,,
stratography,,,
strave,,,
strawberry,,,
strawmote,,,
streetside,,,
strepitation,,,
strepsipteron,,,
stridhan,,,
strigilis,,,
strigulose,,,
strobili,,,
strophiolate,,,
stroth,,,
strumiprivic,,,
strumose,,,
stull,,,
stuporose,,,
stylography,,,
suave,,,
sub,,,
subabsolute,,,
subcarbonate,,,
subcrust,,,
subecho,,,
suberect,,,
subfactor,,,
subgape,,,
subgit,,,
subglenoid,,,
subjack,,,
subjectivize,,,
sublimize,,,
sublinguae,,,
submarginate,,,
submucosal,,,
suboctave,,,
subparagraph,,,
subplow,,,
subprefect,,,
subsecute,,,
subserosa,,,
subspecific,,,
substandardize,,,
substantify,,,
substantivize,,,
subtrude,,,
succinamate,,,
succubine,,,
sudamina,,,
suffer,,,
suffragitis,,,
suffruticose,,,
sugarberry,,,
suji,,,
sulfocarbolate,,,
sulfoxylate,,,
sulfurea,,,
sulphamate,,,
sulphanilate,,,
sulphantimonate,,,
sulphocarbolate,,,
sulphoxylate,,,
sulphurosyl,,,
sultanize,,,
summula,,,
sumpsimus,,,
sunblink,,,
sundriesman,,,
sunway,,,
sunweed,,,
superaltern,,,
superbias,,,
superbrave,,,
supercool,,,
superdeposit,,,
superdividend,,,
superengrave,,,
superexist,,,
superficialize,,,
superfidel,,,
superhumanize,,,
superimpend,,,
superinduce,,,
superius,,,
superknowledge,,,
supermetropolitan,,,
superorder,,,
supersimplify,,,
superspecification,,,
superstratum,,,
superterranean,,,
suppressor,,,
supracaudal,,,
suprahyoid,,,
surculi,,,
surfeit,,,
surfer,,,
surrebound,,,
surrejoinder,,,
survive,,,
suspect,,,
suspendibility,,,
suzerain,,,
swampside,,,
swarfer,,,
sweal,,,
swedge,,,
sweepstake,,,
sweepy,,,
swiggle,,,
swordtail,,,
swot,,,
swow,,,
sycee,,,
syllogize,,,
symbiotism,,,
symbolism,,,
sympatheticism,,,
symphonion,,,
symphonize,,,
symphytism,,,
symptomatize,,,
synarthrosis,,,
synchronism,,,
syncopize,,,
synecdochism,,,
synergize,,,
syngnathoid,,,
synonymist,,,
synonymize,,,
syntagma,,,
synthesis,,,
syntheticism,,,
syphiloma,,,
syringa,,,
syringin,,,
systematism,,,
systemist,,,
tach,,,
tachygraphist,,,
tachylite,,,
tachyscope,,,
tachysystole,,,
tactosol,,,
taeniafuge,,,
tailwise,,,
taimyrite,,,
taivert,,,
talcoid,,,
talesman,,,
talisay,,,
tallet,,,
tamber,,,
tamis,,,
tangleberry,,,
tangue,,,
tantalic,,,
tarand,,,
tarrass,,,
tarsadenitis,,,
tauroboly,,,
tave,,,
tavert,,,
tchervonetz,,,
teacake,,,
tearstain,,,
teave,,,
technography,,,
teemer,,,
teensy,,,
teest,,,
telegraphist,,,
teleodesmacean,,,
teleologism,,,
tellinacean,,,
telotrochal,,,
ten,,,
tend,,,
tendon,,,
tendour,,,
tentation,,,
tentwise,,,
tenuicostate,,,
terakihi,,,
teratoma,,,
termer,,,
terracewise,,,
terranean,,,
terraquean,,,
testatrix,,,
tetaniform,,,
tethelin,,,
tetracarboxylate,,,
tetractinose,,,
tetraphosphate,,,
tetrapolitan,,,
tetrastichal,,,
thaumaturgist,,,
thave,,,
theaterwise,,,
theatroscope,,,
theave,,,
theftproof,,,
theism,,,
theologist,,,
theoria,,,
theorism,,,
theosophism,,,
therapeutism,,,
therebeside,,,
theridiid,,,
thermistor,,,
thermodynamist,,,
thermotherapy,,,
thermotropic,,,
thesocyte,,,
thetin,,,
theyll,,,
think,,,
thiophosphate,,,
thiswise,,,
thoracic,,,
thoro,,,
thrave,,,
thrummy,,,
thurifer,,,
thwartwise,,,
thyine,,,
thyroiodin,,,
thysen,,,
tiddler,,,
tidley,,,
tie,,,
tightwad,,,
tilework,,,
timeliine,,,
timpanist,,,
tintinnabulist,,,
titilate,,,
togt,,,
toluylenediamine,,,
tonalist,,,
tonicize,,,
topazine,,,
topographist,,,
toponymist,,,
torotoro,,,
tortille,,,
tortricid,,,
totemism,,,
tottyhead,,,
townwear,,,
toxicophidia,,,
toxophoric,,,
toysome,,,
traditorship,,,
trampoose,,,
transactioneer,,,
transcend,,,
transitman,,,
transpose,,,
transvest,,,
trapezate,,,
traphole,,,
trapshoot,,,
trave,,,
treed,,,
treey,,,
triadism,,,
trianglewise,,,
triantelope,,,
Triceratops,,,
trichobranchiate,,,
trichotomize,,,
tricoccose,,,
tridactyl,,,
tridigitate,,,
triethanolamine,,,
trifa,,,
trigamist,,,
trigone,,,
trigoniacean,,,
trigonotype,,,
trinalize,,,
trinitrocellulose,,,
trinol,,,
trioecism,,,
tripetaloid,,,
triradiate,,,
triseriate,,,
trisyllabism,,,
tritonoid,,,
trivalve,,,
trochal,,,
trochilidae,,,
trogue,,,
trollopy,,,
tropaeolaceae,,,
tropologize,,,
trousseau,,,
truckster,,,
tsadik,,,
tuberculoprotein,,,
tummel,,,
tun,,,
turpentine,,,
turpitude,,,
twain,,,
tweil,,,
twistiwise,,,
tympana,,,
typhlocele,,,
typhotoxine,,,
ultraobstinate,,,
uncave,,,
unconventionalize,,,
undelve,,,
undersell,,,
undervillain,,,
underwave,,,
unenslave,,,
univoltine,,,
unkink,,,
unpave,,,
unpopularize,,,
unremote,,,
unsentimentalize,,,
unsleeve,,,
unsubstantialize,,,
unweave,,,
uppertendom,,,
upwell,,,
utriculate,,,
vaccinophobia,,,
vadose,,,
vagabondia,,,
valorize,,,
vanadosilicate,,,
vanillon,,,
varicelloid,,,
variciform,,,
varietism,,,
vasifactive,,,
vegetive,,,
velocipedic,,,
velodrome,,,
veloutine,,,
velure,,,
velvetseed,,,
venation,,,
veneracean,,,
ventriculose,,,
ventriloquism,,,
venturesome,,,
verbose,,,
verisimilitude,,,
verticil,,,
verticomental,,,
vertilinear,,,
vespertilionine,,,
viajaca,,,
victorine,,,
vicuna,,,
viduate,,,
vimana,,,
vinose,,,
violacean,,,
virtualize,,,
viscidize,,,
viscoidal,,,
viscometry,,,
viscose,,,
vitamer,,,
viticulturist,,,
volant,,,
voltize,,,
volumetry,,,
voluntariate,,,
vorticose,,,
vulnerative,,,
vulturn,,,
wabby,,,
wadset,,,
wafer,,,
waffle,,,
waggel,,,
waggy,,,
wagwit,,,
wain,,,
waistband,,,
wake,,,
waketime,,,
waldgrave,,,
waldhorn,,,
walkrife,,,
wandle,,,
wangle,,,
wansonsy,,,
wapentake,,,
wapiti,,,
warp,,,
warsle,,,
warwickite,,,
washrag,,,
waterbrain,,,
watercup,,,
waterleave,,,
waterproofer,,,
waterway,,,
wave,,,
waxbill,,,
waybill,,,
wayleave,,,
weave,,,
wede,,,
weewow,,,
weinschenkite,,,
welsh,,,
wend,,,
westfalite,,,
weve,,,
wharry,,,
whatso,,,
wheelswarf,,,
wheem,,,
whenas,,,
whereat,,,
whereso,,,
whew,,,
whichway,,,
whick,,,
whiffer,,,
whikerby,,,
whilie,,,
whipstalk,,,
whiptail,,,
whirlygigum,,,
whirry,,,
whiteware,,,
whitster,,,
whoa,,,
whodunit,,,
whoosh,,,
whortleberry,,,
widthwise,,,
wiggle,,,
wigwam,,,
wildgrave,,,
willyard,,,
win,,,
windberry,,,
windcuffer,,,
windigo,,,
windowwise,,,
wineberry,,,
winetree,,,
winnow,,,
winsome,,,
winterhain,,,
wir,,,
wiretail,,,
wireworm,,,
wisp,,,
witchcraft,,,
withinside,,,
withinward,,,
withouten,,,
withsave,,,
withstrain,,,
woldy,,,
wolfer,,,
wollastonite,,,
womanwise,,,
womenkind,,,
wonderland,,,
wonderworthy,,,
woodbind,,,
woodmote,,,
woodreeve,,,
woodskin,,,
woodspite,,,
woofer,,,
woolfell,,,
woorali,,,
wop,,,
workbag,,,
workgirl,,,
workwise,,,
worldway,,,
worry,,,
woundwort,,,
wrainstave,,,
wramp,,,
wrangle,,,
wrannock,,,
wrathiness,,,
wrenlet,,,
wrothsome,,,
xylotomist,,,
Xyris,,,
yate,,,
yawny,,,
yawweed,,,
yeast,,,
yegg,,,
yellowseed,,,
yellowtail,,,
yesteryear,,,
yojan,,,
youd,,,
yoursel,,,
zaffer,,,
zig,,,
zoic,,,
zoid,,,
zonitid,,,
zooecia,,,
zoographist,,,
zoomelanin,,,
zoonule,,,
zoophobia,,,
zootechny,,,
zootomist,,,
zygose,,,
zymotechny,,,
zymotize,,,