VBZ,word,type,v1
aba,,,
abac,,,
abandon,,,
abbacomes,,,
abhorrer,,,
ablins,,,
absinthe,,,
abulia,,,
abura,,,
acajou,,,
acapnia,,,
acardia,,,
acatharsy,,,
accidia,,,
acephalia,,,
acetopyrin,,,
acetylacetonates,,,
achalasia,,,
achar,,,
acholia,,,
acinetan,,,
acinetinan,,,
acocotl,,,
acousmata,,,
acquiescer,,,
acritan,,,
acroataxia,,,
acrochordon,,,
acrologism,,,
acromegalia,,,
acryl,,,
acyanopsia,,,
adactyl,,,
adays,,,
adda,,,
adelphogamy,,,
adenochondrosarcoma,,,
adephagan,,,
adet,,,
adherer,,,
adieu,,,
Aecidiomycetes,,,
aeolina,,,
aeronaut,,,
aethalioid,,,
afar,,,
afghani,,,
aforetimes,,,
afterfruits,,,
afterhours,,,
aga,,,
agalloch,,,
agaze,,,
agnoiology,,,
agrarianize,,,
agronome,,,
aguavina,,,
aguey,,,
ahartalav,,,
ahey,,,
ahluwalia,,,
aho,,,
ahsan,,,
aizle,,,
ajava,,,
akalimba,,,
akaroa,,,
akee,,,
akov,,,
alabamine,,,
alabastrites,,,
alada,,,
alala,,,
alares,,,
alb,,,
albicans,,,
albolith,,,
alcoholemia,,,
alcyonoid,,,
alef,,,
aleph,,,
algolagnia,,,
alilonghi,,,
aliptes,,,
alison,,,
alkali,,,
alkannin,,,
alkylene,,,
allamotti,,,
allecret,,,
allele,,,
alleluia,,,
allophanates,,,
allothigene,,,
allyl,,,
allylene,,,
almanac,,,
almirah,,,
almon,,,
almuten,,,
alnein,,,
alniviridol,,,
alochia,,,
alp,,,
alpieu,,,
altrices,,,
alumic,,,
alvar,,,
amadou,,,
amaga,,,
amala,,,
amaltas,,,
amandin,,,
ambiens,,,
ambo,,,
amends,,,
amianthoid,,,
amidships,,,
amir,,,
ammocoetes,,,
amniote,,,
amoebaean,,,
amoeboid,,,
amoret,,,
ampelotherapy,,,
amphibolia,,,
amphigam,,,
amphimacer,,,
amphioxus,,,
amphipodal,,,
amuguis,,,
amurca,,,
amy,,,
amyelencephalia,,,
amygdalectomy,,,
amyrin,,,
anabo,,,
anadem,,,
anaerobies,,,
anaerophyte,,,
anallantoidean,,,
analphabet,,,
anam,,,
anama,,,
ananaples,,,
anaphia,,,
anapterygote,,,
anastigmat,,,
anatifa,,,
anchitherioid,,,
andirin,,,
andrenid,,,
anencephalia,,,
angelica,,,
anger,,,
anhinga,,,
anisil,,,
anisomelia,,,
ann,,,
annates,,,
anneloid,,,
annidalin,,,
anomaly,,,
anoterite,,,
antes,,,
anthela,,,
anthomedusan,,,
anthypophora,,,
antiarin,,,
anticrochet,,,
antiformin,,,
antigod,,,
antigonorrheic,,,
antiheterolysin,,,
antiodont,,,
antiquarianize,,,
antislickens,,,
antistes,,,
antonomasia,,,
antrotome,,,
anyways,,,
aogiri,,,
aoudad,,,
apa,,,
apathy,,,
aphides,,,
aphlebia,,,
aphrasia,,,
apices,,,
apieces,,,
apiphobia,,,
aplomb,,,
apocalypt,,,
apocha,,,
apodal,,,
apotelesm,,,
apozem,,,
appendices,,,
apsides,,,
araba,,,
arachnidan,,,
aralie,,,
aramina,,,
aranzada,,,
arboresque,,,
arcana,,,
archangel,,,
arches,,,
archheresy,,,
archibenthal,,,
archimagus,,,
archineuron,,,
architectonics,,,
archleveler,,,
archy,,,
ardeb,,,
arenicole,,,
argol,,,
arhar,,,
arioso,,,
aristomonarchy,,,
arles,,,
armadillo,,,
arnee,,,
arsenotungstates,,,
arses,,,
arteriagra,,,
arthropodal,,,
arthrosyrinx,,,
artiad,,,
arumin,,,
arupa,,,
asaphid,,,
ascham,,,
ascites,,,
asclepiad,,,
asclepidin,,,
ashpan,,,
ashur,,,
askew,,,
asporogenic,,,
astasia,,,
asteroid,,,
Asterophyllites,,,
astrophil,,,
astrotheology,,,
ataman,,,
atebrin,,,
atelo,,,
ates,,,
athlothetes,,,
athyroid,,,
atlantes,,,
atonia,,,
atophan,,,
atrienses,,,
attorn,,,
aubrietia,,,
auca,,,
auk,,,
aulostomid,,,
aurelia,,,
aureola,,,
auriculares,,,
auryl,,,
auslaut,,,
autobiographal,,,
autocrat,,,
autoschediasm,,,
auxocardia,,,
avijja,,,
aviso,,,
ay,,,
ayu,,,
azadrachta,,,
bacchantes,,,
baetyl,,,
bagleaves,,,
balanorrhagia,,,
baluchitheria,,,
barajillo,,,
barbaralalia,,,
barny,,,
bats,,,
beaverkin,,,
bees,,,
beglerbeg,,,
beglerbey,,,
bellows,,,
beluga,,,
benjamin,,,
benzil,,,
bespin,,,
beth,,,
bettergates,,,
bhara,,,
bilabe,,,
blacklegs,,,
blaze,,,
bleachworks,,,
blennioid,,,
blesbok,,,
blewits,,,
borak,,,
bowls,,,
brachistocephali,,,
brachysm,,,
braggartry,,,
branchiopodan,,,
brandy,,,
brassworks,,,
bridgetree,,,
britchka,,,
bromothymol,,,
bromvogel,,,
bulb,,,
bundle,,,
bunoselenodont,,,
bureaucrat,,,
buri,,,
burliness,,,
butylene,,,
buzzer,,,
cahincic,,,
caky,,,
calendal,,,
calendulin,,,
cambaye,,,
camisado,,,
camper,,,
campulitropal,,,
cantina,,,
canton,,,
captainry,,,
carabidan,,,
carabus,,,
carbanil,,,
cardigan,,,
carmele,,,
casemaker,,,
cashmerette,,,
cassina,,,
castoreum,,,
catalyses,,,
cathedra,,,
catskin,,,
cattimandoo,,,
causey,,,
cephalopagus,,,
cereal,,,
ceriops,,,
cervicodynia,,,
chaetognathan,,,
chaetopodan,,,
chalcites,,,
chambul,,,
charisma,,,
chemurgic,,,
chiasmus,,,
chichi,,,
chilopodan,,,
chiragra,,,
chiropompholyx,,,
chitchatty,,,
chkalik,,,
chloropalladates,,,
chomp,,,
chorizontes,,,
chortle,,,
chromatophilia,,,
chrysopid,,,
chuckrum,,,
chunga,,,
churchy,,,
circumambages,,,
citizenry,,,
citronelle,,,
citropten,,,
clap,,,
claypan,,,
clench,,,
clinoaxis,,,
clites,,,
coccagee,,,
coccidia,,,
coeruleolactite,,,
coherer,,,
colauxe,,,
colibri,,,
collembole,,,
collin,,,
colometry,,,
colorado,,,
colostomy,,,
columbiad,,,
comes,,,
compages,,,
compatriot,,,
complicacy,,,
confervoid,,,
congruism,,,
conjunctur,,,
consolatoriness,,,
constantness,,,
contrariety,,,
controller,,,
convallamarin,,,
copepodan,,,
coprophiliac,,,
coquille,,,
cordelle,,,
cosmocrat,,,
couma,,,
countertaste,,,
cousinry,,,
craniotabes,,,
cresphontes,,,
crises,,,
croppa,,,
crossways,,,
crucify,,,
cryptococcus,,,
cuboides,,,
culottes,,,
cummin,,,
curtness,,,
cushaw,,,
custodes,,,
cyan,,,
cyclopes,,,
cyclotron,,,
cynopithecoid,,,
cyphonautes,,,
cypres,,,
cypselomorphic,,,
cyriologic,,,
cystosyrinx,,,
cytoryctes,,,
dacryocystosyringotomy,,,
dacryops,,,
dactyl,,,
dacyorrhea,,,
daedal,,,
daffy,,,
daftlike,,,
dags,,,
daidle,,,
dainteth,,,
daleth,,,
damiana,,,
damme,,,
damonico,,,
danalite,,,
dao,,,
daredevil,,,
darkmans,,,
darkskin,,,
dartars,,,
dash,,,
dasypaedes,,,
daut,,,
daytimes,,,
deathtrap,,,
decad,,,
decagon,,,
decagramme,,,
decapodal,,,
decinormal,,,
decumana,,,
definiens,,,
deinos,,,
delicioso,,,
demicanon,,,
demijambe,,,
demonograph,,,
Dendrites,,,
dendrocoele,,,
dendroid,,,
dentiscalp,,,
dentoid,,,
derby,,,
dermatocele,,,
dermatomyoma,,,
dermatophobia,,,
dermatotherapy,,,
dermestid,,,
deserve,,,
desmopathy,,,
desmotomy,,,
deuteroconid,,,
dextrorse,,,
diabetes,,,
diabolepsy,,,
diaereses,,,
dialuric,,,
diaphragm,,,
diarrheic,,,
dichas,,,
dickens,,,
didelphoid,,,
didie,,,
didymoid,,,
diipenates,,,
dilemma,,,
dimerlie,,,
dioecy,,,
diplanar,,,
dipleura,,,
diploe,,,
diplopodic,,,
dipnoid,,,
dipsas,,,
dirgler,,,
discoglossoid,,,
discomedusan,,,
dishonor,,,
disobey,,,
disorb,,,
dissimilars,,,
distill,,,
dithyrambic,,,
dividuity,,,
dodecagon,,,
dodecylene,,,
dodo,,,
dodrans,,,
does,,,
dogmata,,,
dokhma,,,
dolia,,,
dolichocephali,,,
dolichopellic,,,
dolina,,,
donna,,,
dorp,,,
dorts,,,
dossel,,,
dowiness,,,
downfallen,,,
draconites,,,
dracontites,,,
draff,,,
drafty,,,
drastic,,,
drazel,,,
driftpiece,,,
drummer,,,
drunken,,,
dubs,,,
duet,,,
dulosis,,,
dultie,,,
durain,,,
durukuli,,,
dysbulia,,,
dysplasia,,,
dysraphia,,,
dystocia,,,
dzeren,,,
eatberry,,,
eaves,,,
eboe,,,
echidna,,,
echiurid,,,
eclampsia,,,
ecphonesis,,,
ecthlipsis,,,
ectoderm,,,
ectoplacenta,,,
ectoproctan,,,
eddy,,,
edgeshot,,,
eelbob,,,
effluvia,,,
eh,,,
ehuawa,,,
ekaha,,,
eke,,,
elapid,,,
elasmosaur,,,
elbow,,,
electrotaxis,,,
eleutheromania,,,
elixir,,,
elle,,,
ellipses,,,
elops,,,
elsewheres,,,
elvan,,,
elves,,,
embiotocoid,,,
embolemia,,,
emphases,,,
emptins,,,
encaustes,,,
encephalasthenia,,,
encrisp,,,
endogastritis,,,
endosalpingitis,,,
endosteitis,,,
endostoma,,,
endothelia,,,
endothys,,,
eneclann,,,
enigma,,,
enkindle,,,
enlarge,,,
ens,,,
enterocoele,,,
enterokinesia,,,
enterosyphilis,,,
entomophagan,,,
entresol,,,
eophyte,,,
eosinophilia,,,
eozoon,,,
ependytes,,,
ephemerae,,,
ephemerides,,,
ephydriad,,,
epiboly,,,
epicele,,,
epidemy,,,
epiderm,,,
epidiascopic,,,
epididymis,,,
epihyal,,,
epimacus,,,
epimer,,,
episclera,,,
epistemophiliac,,,
epitoxoid,,,
epityphlon,,,
epoptes,,,
epsilon,,,
er,,,
erbia,,,
ermelin,,,
erminites,,,
eruca,,,
eryngo,,,
erythema,,,
erythrochroic,,,
escapee,,,
esociform,,,
essentia,,,
eta,,,
ethanol,,,
ethel,,,
etheostomoid,,,
ethiops,,,
ethnoflora,,,
eucosmid,,,
eulalia,,,
eulogia,,,
eumenid,,,
eunomy,,,
euphausiid,,,
euripus,,,
euryon,,,
evanesce,,,
evechurr,,,
ewe,,,
exanthema,,,
excamb,,,
excelsin,,,
excretes,,,
exegeses,,,
exequatur,,,
exocoele,,,
exogastritis,,,
exopod,,,
expulser,,,
fackins,,,
farad,,,
fenestra,,,
fiar,,,
ficoides,,,
fishhooks,,,
fishworks,,,
fivepins,,,
flamingo,,,
flores,,,
fomites,,,
forbearer,,,
forfars,,,
forfeits,,,
forfouchten,,,
fouler,,,
francolin,,,
fruitgrower,,,
fuirdays,,,
fulmar,,,
fundungi,,,
gallows,,,
garsil,,,
gastrotympanites,,,
gasworks,,,
gerontes,,,
gerontocrat,,,
giantry,,,
gill,,,
gillyflower,,,
glans,,,
god,,,
goes,,,
gomer,,,
gonomery,,,
gorsedd,,,
goshenite,,,
grainways,,,
gramoches,,,
graphologic,,,
Graves,,,
grissens,,,
gristmill,,,
guariba,,,
gufa,,,
guige,,,
gurges,,,
gypsophila,,,
habeas,,,
haem,,,
haematothermal,,,
hafiz,,,
hagiographal,,,
hagiophobia,,,
halesome,,,
haliotoid,,,
halteres,,,
halves,,,
hansa,,,
haplomid,,,
hapteron,,,
hatchet,,,
headfirst,,,
heavens,,,
heck,,,
Heliolites,,,
heliotypography,,,
helluo,,,
hemapod,,,
hemihedron,,,
hemimetabole,,,
hemiolia,,,
hemispasm,,,
hemocoele,,,
hephthemimer,,,
heptyl,,,
herald,,,
hereadays,,,
hereaways,,,
hermaphrodite,,,
hermeneut,,,
herpes,,,
hesperornithoid,,,
heterogynal,,,
heteropodal,,,
heterotaxy,,,
hidden,,,
hierophantes,,,
hinderlands,,,
hingeways,,,
hippocras,,,
hives,,,
hobbledygee,,,
holeproof,,,
hora,,,
hornblende,,,
horsetree,,,
hostry,,,
houppelande,,,
housewares,,,
huh,,,
hybodont,,,
hydracid,,,
hydrospire,,,
hyoglossus,,,
hyperaminoacidemia,,,
hyperdolichocephal,,,
hyperdulia,,,
hypericum,,,
hypnoses,,,
hypoeosinophilia,,,
hypopus,,,
hypopyon,,,
hypsibrachycephaly,,,
hypsophobia,,,
hystricomorphic,,,
impasse,,,
impawn,,,
impetuosity,,,
incongruity,,,
incontinuity,,,
indoles,,,
induviae,,,
insoul,,,
intersperse,,,
iodinophil,,,
is,,,
ishpingo,,,
isocrat,,,
issei,,,
itoubou,,,
izar,,,
jeans,,,
jelloid,,,
josh,,,
jours,,,
jovilabe,,,
juggins,,,
kalends,,,
kanara,,,
kans,,,
karyomerite,,,
katabolism,,,
kayles,,,
keloid,,,
kempy,,,
kentledge,,,
kermes,,,
kerslam,,,
khatib,,,
khuskhus,,,
kibe,,,
kikawaeo,,,
kilan,,,
killas,,,
kinsmanship,,,
kipe,,,
knifesmith,,,
knop,,,
krems,,,
kyle,,,
labia,,,
labroid,,,
labyrinthodont,,,
lac,,,
laches,,,
lachryma,,,
laet,,,
laevogyre,,,
lagomorphic,,,
lai,,,
lak,,,
lamba,,,
lamboys,,,
lamelloid,,,
laminectomy,,,
landau,,,
landmil,,,
lanterloo,,,
lapel,,,
larbolins,,,
lardacein,,,
lari,,,
larry,,,
larva,,,
larynges,,,
laryngoscopic,,,
lathen,,,
latiplantar,,,
latro,,,
lauan,,,
laughee,,,
lavolta,,,
laystow,,,
leadsman,,,
leaves,,,
lee,,,
lees,,,
lehua,,,
leimtype,,,
lemel,,,
lemures,,,
lenad,,,
lenify,,,
lenis,,,
lens,,,
lenticularis,,,
lentisc,,,
leoncito,,,
leonines,,,
lepidomelane,,,
lepidopteron,,,
lepidosteoid,,,
lepismoid,,,
leporid,,,
lepothrix,,,
leproma,,,
leptandrin,,,
leptocephali,,,
lepton,,,
leptoprosopic,,,
leptorrhin,,,
leptostracan,,,
leptus,,,
lethargy,,,
lettrin,,,
letup,,,
leucopenia,,,
lev,,,
levogyre,,,
lewd,,,
lewis,,,
lexia,,,
libelee,,,
libellulid,,,
liberticidal,,,
libra,,,
licareol,,,
ligustrin,,,
lilac,,,
lill,,,
lilyfy,,,
limacel,,,
limacoid,,,
limes,,,
limicoline,,,
limnograph,,,
limnorioid,,,
limpin,,,
lin,,,
lindane,,,
lindo,,,
lingtow,,,
lipocaic,,,
lipochondroma,,,
lipovaccine,,,
lisle,,,
litchi,,,
lithify,,,
lithobioid,,,
lithoid,,,
lithophyte,,,
litotes,,,
Lituites,,,
litz,,,
lizardtail,,,
llyn,,,
loa,,,
lockram,,,
loculicidal,,,
lofty,,,
lohan,,,
lohoch,,,
loin,,,
loll,,,
loller,,,
longlegs,,,
longs,,,
lop,,,
lophiodontoid,,,
lophocalthrops,,,
lophodont,,,
lora,,,
lori,,,
lota,,,
lotto,,,
loukoum,,,
lowth,,,
loxodont,,,
lucanid,,,
luce,,,
Luceres,,,
luciferin,,,
lucifugal,,,
lucinoid,,,
lucy,,,
lues,,,
lugsail,,,
luke,,,
lulab,,,
lumbodynia,,,
lumpy,,,
lunes,,,
Lunulites,,,
lura,,,
lutrin,,,
ly,,,
lycaenid,,,
lycoperdon,,,
lyctid,,,
lymphangioma,,,
lysidine,,,
macrocephalia,,,
macrodactylia,,,
maltha,,,
mana,,,
mandrin,,,
mannan,,,
manostat,,,
marakapas,,,
marseilles,,,
martagon,,,
mastigobranchia,,,
meatoscopy,,,
medicomania,,,
megatherm,,,
meiosis,,,
melancholiac,,,
meliphagidan,,,
melissyl,,,
melodic,,,
mem,,,
membrana,,,
merenchyma,,,
meropidan,,,
mesdames,,,
mesoplodont,,,
messieurs,,,
methylglyoxal,,,
mew,,,
michigan,,,
micrencephalia,,,
microcephalia,,,
microcolorimetry,,,
misoccupy,,,
misshapen,,,
mizzle,,,
mollycoddle,,,
molten,,,
monaulos,,,
morgan,,,
morn,,,
myelon,,,
myometritis,,,
myrcia,,,
myriapodan,,,
myricyl,,,
mytilacean,,,
nares,,,
nearaivays,,,
needs,,,
niggardize,,,
nirles,,,
nomothetes,,,
norwards,,,
nowaday,,,
o,,,
oaken,,,
obispo,,,
octachordal,,,
octopodes,,,
okoniosis,,,
okupukupu,,,
onocentaur,,,
oodles,,,
ophiuroidean,,,
opsonophilia,,,
Orbitolites,,,
orc,,,
orchamus,,,
orchel,,,
orchestra,,,
orchidacean,,,
orchiotomy,,,
orenda,,,
organotropism,,,
ornithopod,,,
oronoco,,,
orthal,,,
orthopraxis,,,
ortstein,,,
ostariophysan,,,
osteoglossoid,,,
osteologer,,,
ostracean,,,
otocyst,,,
otohemineurasthenia,,,
ottar,,,
oudenodont,,,
ours,,,
outbounds,,,
outclimb,,,
outfront,,,
outwallop,,,
overhearty,,,
overhour,,,
overinstruct,,,
overshorten,,,
oxybenzaldehyde,,,
oxycopaivic,,,
ozobrome,,,
paddy,,,
paduasoy,,,
paganry,,,
palaemonoid,,,
palaeocrystal,,,
palaeognathic,,,
palaeotheroid,,,
palaiotype,,,
palestra,,,
palillogia,,,
pandemy,,,
pandora,,,
pangamic,,,
panhandle,,,
paradoses,,,
paralyses,,,
paralyzer,,,
paraxon,,,
parentheses,,,
paromphalocele,,,
parser,,,
partan,,,
parthenocarpic,,,
parthenosperm,,,
parulis,,,
passworts,,,
patas,,,
pattypan,,,
paulie,,,
pearten,,,
peasantry,,,
pendicle,,,
penk,,,
penologic,,,
pentadecyl,,,
pentastomoid,,,
penuchi,,,
peppin,,,
perineocele,,,
perioikoi,,,
periphrases,,,
peristeromorphic,,,
petune,,,
peucites,,,
pharynges,,,
phaseolin,,,
pholido,,,
phonograph,,,
photelectrograph,,,
phrase,,,
phthisiophobia,,,
phyllobranchia,,,
phyllocarid,,,
phylloerythrin,,,
phyllozooid,,,
phytophagan,,,
picksmith,,,
piezo,,,
pigmaker,,,
pinkeye,,,
pinna,,,
pionnotes,,,
pipemouth,,,
plagiotropism,,,
plangor,,,
planosol,,,
platypodia,,,
platystencephalia,,,
plectognathic,,,
plethora,,,
pleuropedal,,,
podsol,,,
podzol,,,
poignet,,,
pointways,,,
pollarchy,,,
pollux,,,
polygram,,,
polyodontoid,,,
polysiphonic,,,
polystele,,,
poppa,,,
porty,,,
postxyphoid,,,
praecoces,,,
prakriti,,,
preceder,,,
premorbid,,,
prenares,,,
preses,,,
principes,,,
prioracy,,,
procedendo,,,
proceres,,,
propitiatory,,,
propylene,,,
proteroglyphic,,,
protistan,,,
protostele,,,
psaltes,,,
pseudopionnotes,,,
psychosis,,,
pteropaedes,,,
ptilopaedes,,,
ptisan,,,
pubis,,,
puerpera,,,
puffin,,,
puli,,,
pulpitolatry,,,
punger,,,
punjum,,,
pursue,,,
pyracene,,,
pythonomorphic,,,
quadratrix,,,
quadrivalve,,,
quartan,,,
quatertenses,,,
Queres,,,
quiapo,,,
quindecima,,,
rabic,,,
rachides,,,
raffe,,,
rafty,,,
raki,,,
ralph,,,
ramanas,,,
rampart,,,
randan,,,
randem,,,
randy,,,
rang,,,
rapaceus,,,
raphania,,,
raphides,,,
rapscallionry,,,
raptorial,,,
ras,,,
raser,,,
ratafee,,,
ratcher,,,
ratty,,,
receivables,,,
receptaculitid,,,
rechafe,,,
reconquer,,,
rectangle,,,
rectococcygeus,,,
recurrer,,,
reddy,,,
redeemer,,,
redux,,,
reina,,,
reins,,,
relbun,,,
remains,,,
remap,,,
remiges,,,
renin,,,
repeller,,,
resorcinum,,,
resplice,,,
restuff,,,
reticket,,,
retuse,,,
rewayle,,,
rhabdocoele,,,
rhebok,,,
rhein,,,
rhexis,,,
rhinodynia,,,
rhinotheca,,,
rhizopodal,,,
rhodorhiza,,,
rhomboideus,,,
rhopaloceral,,,
riata,,,
ribbonry,,,
rich,,,
riches,,,
ricinolein,,,
riffle,,,
rockaby,,,
rodham,,,
ropes,,,
rosoli,,,
rostroid,,,
roupingwife,,,
royal,,,
rubelle,,,
rue,,,
ruffiano,,,
ruthenic,,,
sacrodynia,,,
saithe,,,
sal,,,
salol,,,
salpinges,,,
saltmaker,,,
sandy,,,
sapiutan,,,
sasa,,,
sauerkraut,,,
sawarra,,,
saxhorn,,,
scapegallows,,,
scaphitoid,,,
scelotyrbe,,,
schanz,,,
schatchen,,,
scheltopusik,,,
schiffli,,,
schistocoelia,,,
schizocoele,,,
schizont,,,
schizopodal,,,
sciaenoid,,,
sclerogenoid,,,
scombroidean,,,
scops,,,
scyphomedusan,,,
seaberry,,,
secateur,,,
semispinalis,,,
semola,,,
senna,,,
septocosta,,,
sequa,,,
sexagesimals,,,
shachle,,,
shaffle,,,
shahin,,,
shatan,,,
shears,,,
sherbacha,,,
shrunk,,,
shuffle,,,
shyly,,,
siak,,,
siamang,,,
sicilica,,,
sideburns,,,
silicean,,,
siliqua,,,
sillabub,,,
silversides,,,
sinistrorse,,,
siphonogam,,,
sivvens,,,
sizes,,,
skandhas,,,
slangkop,,,
slantingways,,,
slob,,,
slows,,,
smeth,,,
smiggins,,,
smithereens,,,
snuffles,,,
soapsuds,,,
sociocrat,,,
solenoglyph,,,
solenostomoid,,,
soles,,,
solventproof,,,
somatotropism,,,
somewheres,,,
sonnikins,,,
sordes,,,
sorites,,,
southeastwards,,,
sowens,,,
sozin,,,
sparklet,,,
sphaeraphides,,,
spheges,,,
sphenocephalia,,,
splitmouth,,,
sportsmanship,,,
springmaker,,,
spry,,,
stab,,,
stadda,,,
stapelia,,,
staphylematoma,,,
starbolins,,,
stauromedusan,,,
steelworks,,,
stenocephalia,,,
sterelminthic,,,
stillage,,,
stoa,,,
stoic,,,
stonecraft,,,
strawy,,,
strepsiceros,,,
stringways,,,
stromateoid,,,
strome,,,
stylops,,,
styryl,,,
subbourdon,,,
subfossil,,,
subtepid,,,
subtone,,,
sullen,,,
sulphofy,,,
sumbul,,,
supari,,,
superemphasis,,,
supersuperb,,,
swab,,,
swainsona,,,
swillbowl,,,
swipes,,,
switchy,,,
syndactylia,,,
synopses,,,
syphilis,,,
syringomyelia,,,
syrt,,,
tachiol,,,
tachygraph,,,
tanacetyl,,,
tangie,,,
tapis,,,
tawie,,,
teache,,,
technocrat,,,
teman,,,
temenos,,,
temse,,,
Tentaculites,,,
tenuis,,,
testes,,,
tetradecapodan,,,
tetrapodic,,,
tetrathionates,,,
tetrole,,,
thalli,,,
theirs,,,
thenabouts,,,
thereabouts,,,
theromorph,,,
thionobenzoic,,,
thoroughfarer,,,
threap,,,
thurse,,,
thymyl,,,
tinselmaker,,,
tiresmith,,,
toddlekins,,,
toe,,,
ton,,,
topnotch,,,
tops,,,
tosy,,,
toug,,,
tracheloacromialis,,,
train,,,
trey,,,
tribuna,,,
trichogyne,,,
triddler,,,
Trinobantes,,,
triptane,,,
trisazo,,,
tritopatores,,,
triumphator,,,
trochili,,,
trochocephalia,,,
trochoides,,,
tropophil,,,
truller,,,
tsessebe,,,
tufa,,,
tulipflower,,,
tunnelmaker,,,
turns,,,
Turrilites,,,
tuts,,,
tweaky,,,
twelfth,,,
twentieth,,,
tympanites,,,
Usipetes,,,
vein,,,
verglas,,,
vives,,,
vortices,,,
wab,,,
wahoo,,,
wallbird,,,
wanhorn,,,
wanner,,,
wauns,,,
wauregan,,,
westlandways,,,
wetherteg,,,
whatabouts,,,
wheerikins,,,
whencesoeer,,,
whereabouts,,,
whils,,,
whipcordy,,,
whitecap,,,
whites,,,
wicht,,,
widdershins,,,
wim,,,
windles,,,
windock,,,
winna,,,
wipe,,,
wirepull,,,
wisht,,,
withershins,,,
wiz,,,
womanmuckle,,,
works,,,
wullawins,,,
Xeres,,,
xeriff,,,
xerophytism,,,
xerotes,,,
xylography,,,
yellowlegs,,,
yeo,,,
yeth,,,
yourselves,,,
zooks,,,
zounds,,,